,Country,Year,Geothermal Capacity,Electricity from hydro (TWh),Wind (% equivalent primary energy),Electricity from wind (TWh),Electricity from solar (TWh),Other renewables including bioenergy (TWh),Geo Biomass Other - TWh,Solar Generation - TWh,Wind Generation - TWh,Hydro Generation - TWh,Renewables (% equivalent primary energy),Biofuels Production - TWh - Total,Wind Capacity,Wind (% electricity),Renewables (% electricity),Hydro (% equivalent primary energy),Hydro (% electricity),Income_group,Solar (% electricity)
0,Chile,1990,0.0,8.941428,0.0,0.0,0.0,0.963,0.963,0.0,0.0,8.941428,18.957916,,0.0,0.0,53.834267,16.983301,48.6,High income,0.0
1,Chile,1995,0.0,18.413738,0.0,0.0,0.0,1.879,1.879,0.0,0.0,18.413738,26.028479,,0.0,0.0,72.40424,23.44569,65.7,High income,0.0
2,Chile,2000,0.0,18.48,0.0,0.0,0.0,1.375,1.375,0.0,0.0,19.081,19.573402,,0.0,0.0,47.506424,18.160625,47.506424,High income,0.0
3,Chile,2001,0.0,21.03,0.006560041,0.0,0.0,1.683,1.683,0.0,0.007,21.68,22.04736,,0.002,0.0,51.772526,20.32624,51.772526,High income,0.0
4,Chile,2002,0.0,22.5,0.006301001,0.0,0.0,1.781,1.781,0.0,0.007,23.187,22.61727,,0.002,0.0,53.10361,20.85875,53.10361,High income,0.0
5,Chile,2003,0.0,21.84,0.0062964964,0.0,0.0,1.695,1.695,0.0,0.007,22.603,22.010809,,0.002,0.0,48.38281,20.326694,48.38281,High income,0.0
6,Chile,2004,0.0,20.87,0.004258481,0.0,0.0,2.031,2.031,0.0,0.005,20.969337,19.768446,,0.002,0.0,42.88944,17.849092,42.88944,High income,0.0
7,Chile,2005,0.0,25.42,0.0056928615,0.0,0.0,1.79,1.79,0.0,0.007,25.5755,22.415243,,0.002,0.0,50.217308,20.78759,50.217308,High income,0.0
8,Chile,2006,0.0,28.03,0.0052957027,0.0,0.0,1.431,1.431,0.0,0.007,28.21505,22.566658,,0.002,0.0,52.324062,21.346752,52.324062,High income,0.0
9,Chile,2007,0.0,22.29,0.008251754,0.0,0.0,2.696,2.696,0.0,0.0112,22.33486,18.706137,,0.02,0.0,39.81779,16.455467,39.81779,High income,0.0
10,Chile,2008,0.0,23.75,0.028095406,0.03,0.0,3.5882213,3.5882213,0.0,0.03812314,24.266146,20.915377,,0.02,0.0532198,42.185562,17.883278,42.13234,High income,0.0
11,Chile,2009,0.0,24.5,0.05906008,0.07,0.0,3.391682,3.391682,0.0,0.07901422,25.17931,21.777431,,0.163,0.12347857,43.340977,18.82057,43.2175,High income,0.0
12,Chile,2010,0.0,21.23,0.24095778,0.32,0.0,3.4124773,3.4124773,0.0,0.325326,21.759474,19.264341,,0.163,0.5492619,36.98936,16.116493,36.440098,High income,0.0
13,Chile,2011,0.0,20.72,0.22866446,0.32,0.0,4.314426,4.314426,0.0,0.33759564,20.510006,17.502325,,0.184,0.51579624,33.913605,13.892092,33.397808,High income,0.0
14,Chile,2012,0.0,20.2,0.26837742,0.39,0.0,5.9831734,5.9831734,0.00034039,0.40838745,20.162024,18.09596,,0.202,0.5930657,31.310825,13.249752,30.717762,High income,0.0
15,Chile,2013,0.0,19.61,0.3520819,0.55,0.01,6.896006,6.896006,0.00675656,0.5450756,19.907211,18.432415,,0.301,0.80680656,29.587795,12.858711,28.766321,High income,0.01466921
16,Chile,2014,0.0,23.55,0.9453247,1.43,0.46,4.989873,4.989873,0.458713,1.4431201,23.045078,20.193163,,0.736,2.0443175,36.368835,15.095819,33.66691,High income,0.6576126
17,Chile,2015,0.0,23.91,1.3447987,2.1,1.37,5.5661297,5.5661297,1.3601003,2.114648,23.621508,21.427673,,0.91,2.926829,38.16028,15.021966,33.324043,High income,1.9094076
18,Chile,2016,0.0,19.46,1.4771858,2.25,2.56,6.722216,6.722216,2.5502636,2.4518394,19.690727,19.706335,,1.039,3.0670664,33.083424,11.863281,26.526716,High income,3.48964
19,Chile,2017,24.0,21.81,2.1508203,3.55,3.9,7.4493103,7.4493103,3.8959484,3.6255593,21.325731,22.405031,,1.305,4.7830772,39.504177,12.6512375,29.38561,High income,5.254648
20,Chile,2018,48.0,23.21,2.0279224,4.02,5.45,9.157252,9.157252,5.118721,3.5878947,23.36677,24.343296,,1.524,5.2384677,42.859005,13.207187,30.244984,High income,7.101903
21,Chile,2019,39.7,20.83,2.677362,4.82,6.38,9.54655,9.54655,6.300226,4.895221,21.440327,24.144995,,1.620074,6.228195,41.64621,11.726439,26.915623,High income,8.243959
22,Chile,2020,40.0,20.63,3.2699325,5.54,7.64,8.741824,8.741824,7.6148434,5.6023026,21.720932,26.557531,,2.148996,7.125402,43.807076,12.677998,26.533762,High income,9.826366
23,China,1990,29.3,126.74397,7.523349e-05,0.002020202,0.002,0.064,0.064,0.002,0.002020202,126.74397,4.7236676,0.0,0.15,0.0003252096,20.414036,4.721199,20.403086,Upper middle income,0.0003219575
24,China,1995,26.3,190.58,0.017599184,0.61616164,0.007,3.014,3.014,0.007,0.61616164,190.58,5.55382,0.0,0.21,0.061186027,19.286135,5.4434624,18.924957,Upper middle income,0.0006951134
25,China,2000,21.7,222.41,0.014782058,0.59,0.02,2.537,2.537,0.022,0.589899,222.41,5.656925,0.0,0.341,0.043523163,16.639128,5.573289,16.406757,Upper middle income,0.0014753615
26,China,2001,21.7,277.43,0.016943244,0.72,0.03,2.554,2.554,0.031,0.7191919,277.43,6.618624,0.053060662,0.383,0.048622694,18.958124,6.5358973,18.73527,Upper middle income,0.0020259456
27,China,2002,21.7,287.97,0.017997546,0.84,0.05,2.546,2.546,0.048,0.83737373,287.97,6.2804885,1.7684788,0.449,0.050785974,17.6185,6.1892962,17.41052,Upper middle income,0.0030229746
28,China,2003,21.7,283.68,0.018277897,1.0,0.06,2.536,2.536,0.064,0.9969697,283.68,5.3011093,4.856231,0.547,0.052340128,15.036272,5.200834,14.847848,Upper middle income,0.0031404076
29,China,2004,21.7,353.54,0.019893479,1.28,0.08,2.528,2.528,0.076,1.2777778,353.544,5.60094,5.965346,0.763,0.058094412,16.22241,5.5042586,16.045858,Upper middle income,0.0036309008
30,China,2005,21.7,397.02,0.026500845,1.95,0.08,5.322,5.322,0.084,1.9460607,397.017,5.554481,8.368024,1.06,0.07799189,16.173119,5.4064536,15.8791485,Upper middle income,0.0031996672
31,China,2006,21.7,435.79,0.04582375,3.71,0.09,7.133,7.133,0.095,3.7118182,435.786,5.5779824,12.231145,2.07,0.12946136,15.588404,5.3799367,15.206999,Upper middle income,0.003140572
32,China,2007,21.7,485.26,0.061851494,5.48,0.11,9.863,9.863,0.114,5.479293,485.264,5.718535,13.484257,4.2,0.16699477,15.258385,5.47777,14.787569,Upper middle income,0.0033520847
33,China,2008,24.8,636.96,0.14148031,13.1,0.15,14.866,14.866,0.152,13.1,636.96,7.268667,16.731058,8.387728,0.37473968,19.025333,6.879183,18.220932,Upper middle income,0.0042909128
34,China,2009,24.8,615.64,0.2839612,27.61,0.28,20.85932,20.85932,0.279,27.614998,615.644,6.9355316,18.286423,17.599408,0.7432753,17.885717,6.3305826,16.573343,Upper middle income,0.0075377426
35,China,2010,24.1,711.38,0.4719202,49.4,0.7,24.90023,24.90023,0.701,49.39962,711.3831,7.615998,17.774601,29.633479,1.179755,18.780075,6.795924,16.988949,Upper middle income,0.016717177
36,China,2011,26.2,688.04,0.65238744,74.1,2.61,27.632,27.632,2.61,74.1,688.045,7.084204,22.119543,46.3546,1.5795027,16.890234,6.0576506,14.666141,Upper middle income,0.055634305
37,China,2012,26.2,862.79,0.8661959,103.05,3.59,30.133,30.133,3.5945098,103.049904,862.7941,8.522597,23.6831,61.59687,2.0745845,20.122967,7.252299,17.369537,Upper middle income,0.07227325
38,China,2013,26.0,909.61,1.1132983,138.26,8.37,37.133,37.133,8.373886,138.26413,909.61224,8.959421,26.360819,76.73053,2.5562801,20.215248,7.3241687,16.81772,Upper middle income,0.15475239
39,China,2014,25.95,1059.69,1.2424304,159.76,23.51,46.26822,46.26822,23.51216,159.7627,1059.6917,10.19733,29.27855,96.81913,2.7696152,22.35022,8.24093,18.37089,Upper middle income,0.4075717
40,China,2015,25.75,1114.52,1.4165245,185.59,39.48,54.07029,54.07029,39.48057,185.59145,1114.5154,10.787498,24.932436,131.04773,3.2065725,24.079271,8.506526,19.256367,Upper middle income,0.6821245
41,China,2016,25.75,1153.27,1.7972635,240.86,66.53,62.134766,62.134766,66.52795,240.8605,1153.2675,11.530947,23.978706,148.51689,3.9543781,25.000778,8.605503,18.934093,Upper middle income,1.0922726
42,China,2017,25.75,1165.06,2.184269,304.6,117.8,79.59891,79.59891,117.8,304.6,1165.065,12.138821,29.046839,164.37448,4.6445246,25.419243,8.354614,17.764774,Upper middle income,1.7962083
43,China,2018,25.75,1198.89,2.508665,365.8,176.9,93.72523,93.72523,176.9,365.8,1198.887,12.807393,28.014196,184.66488,5.1372075,25.774794,8.221995,16.836924,Upper middle income,2.4843411
44,China,2019,26.0,1272.54,2.672336,405.3,224.0,112.72523,112.72523,224.0,405.3,1272.538,13.51596,33.9185,209.5819,5.431891,26.999567,8.39045,17.05477,Upper middle income,3.0020812
45,China,2020,26.0,1321.71,2.9886,466.5,261.1,135.625,135.625,261.1,466.5,1321.709,14.242872,35.785557,282.11266,6.030817,28.24646,8.467438,17.086798,Upper middle income,3.3754478
46,Costa Rica,1990,0.0,0.0,,0.0,0.0,15.238362342409335,,,,,,,0.0245,2.670978746790844,42.3645602508079,,30.042829835906645,Upper middle income,0.0
47,Costa Rica,1995,55.0,0.0,,0.0,0.0,15.238362342409335,,,,,,,0.029,2.670978746790844,42.3645602508079,,30.042829835906645,Upper middle income,0.0
48,Costa Rica,2000,145.0,5.62,,0.18,0.0,0.98,,,,,,,0.0425,2.6277373,98.9781,,82.0438,Upper middle income,0.0
49,Costa Rica,2001,145.0,5.6,,0.19,0.0,0.99,,,,,,,0.0623,2.7576199,98.40349,,81.277214,Upper middle income,0.0
50,Costa Rica,2002,144.7,5.87,,0.26,0.0,1.13,,,,,,,0.0623,3.504043,97.843666,,79.11051,Upper middle income,0.0
51,Costa Rica,2003,162.7,5.86,,0.31,0.0,0.93,,,,,,,0.0686,4.2524004,97.39369,,80.38409,Upper middle income,0.0
52,Costa Rica,2004,165.7,6.42,,0.26,0.0,1.22,,,,,,,0.0686,3.2622335,99.12171,,80.55207,Upper middle income,0.0
53,Costa Rica,2005,165.7,6.5,,0.2,0.0,1.17,,,,,,,0.0686,2.4539878,96.56442,,79.75461,Upper middle income,0.0
54,Costa Rica,2006,165.7,6.53,,0.27,0.0,1.25,,,,,,,0.0686,3.1468534,93.822845,,76.10722,Upper middle income,0.0
55,Costa Rica,2007,165.7,6.7,,0.24,0.0,1.3,,,,,,,0.066,2.6875699,92.27323,,75.02799,Upper middle income,0.0
56,Costa Rica,2008,165.7,7.31,,0.2,0.0,1.17,,,,,,,0.066,2.1367521,92.73505,,78.0983,Upper middle income,0.0
57,Costa Rica,2009,165.7,7.15,,0.33,0.0,1.22,,,,,,,0.1155,3.5791757,94.360085,,77.548805,Upper middle income,0.0
58,Costa Rica,2010,165.7,7.19,,0.36,0.0,1.2099999,,,,,,,0.1155,3.8014781,92.50264,,75.923965,Upper middle income,0.0
59,Costa Rica,2011,217.5,7.06,,0.41,0.0,1.3199999,,,,,,,0.1283,4.2268043,90.61856,,72.78351,Upper middle income,0.0
60,Costa Rica,2012,217.5,7.16,,0.53,0.01,1.4499999,,,,,,,0.1436,5.2736316,91.04477,,71.24378,Upper middle income,0.09950249
61,Costa Rica,2013,217.5,6.78,,0.49,0.02,1.59,,,,,,,0.1436,4.846687,87.83383,,67.06232,Upper middle income,0.19782394
62,Costa Rica,2014,217.5,6.65,,0.74,0.02,1.5999999,,,,,,,0.1931,7.319486,89.11969,,65.77646,Upper middle income,0.19782394
63,Costa Rica,2015,217.36,7.99,,1.08,0.03,1.4,,,,,,,0.2721,10.037175,97.58364,,74.2565,Upper middle income,0.2788104
64,Costa Rica,2016,206.86,7.95,,1.15,0.03,1.37,,,,,,,0.3651,10.599078,96.77419,,73.27189,Upper middle income,0.2764977
65,Costa Rica,2017,206.86,8.59,,1.29,0.04,1.14,,,,,,,0.37782,11.446317,98.13664,,76.22005,Upper middle income,0.35492456
66,Costa Rica,2018,206.86,8.26,,1.8,0.06,1.01,,,,,,,0.4077699999999999,15.734266,97.290215,,72.2028,Upper middle income,0.5244755
67,Costa Rica,2019,261.86,7.75,,1.8,0.08,1.55,,,,,,,0.41092,15.748031,97.81277,,67.80402,Upper middle income,0.6999125
68,Costa Rica,2020,262.0,8.29,,1.46,0.08,1.72,,,,,,,0.39352,12.436116,98.38161,,70.61329,Upper middle income,0.681431
69,Croatia,1990,0.0,3.92,0.0,0.0,0.0,0.01,0.0,0.0,0.0,3.805,11.200591,,0.3,0.0,44.356663,11.200591,44.243793,High income,0.0
70,Croatia,1995,0.0,5.68,0.0,0.0,0.0,0.01,0.005,0.0,0.0,5.683,19.14962,,0.35,0.0,61.380795,19.131437,61.27292,High income,0.0
71,Croatia,2000,0.0,6.45,0.0,0.0,0.0,0.0,0.001,0.0,0.0,6.453,19.766573,,0.587,0.0,57.282413,19.763262,57.282413,High income,0.0
72,Croatia,2001,0.0,7.18,0.0,0.0,0.0,0.0,0.0,0.0,0.0,7.181,20.78086,,0.75,0.0,56.225525,20.78086,56.225525,High income,0.0
73,Croatia,2002,0.0,5.85,0.0,0.0,0.0,0.0,0.0,0.0,0.0,5.851,16.80569,,0.8,0.0,46.02675,16.80569,46.02675,High income,0.0
74,Croatia,2003,0.0,5.46,0.0,0.0,0.0,0.0,0.0,0.0,0.0,5.458,14.887934,,1.1,0.0,41.394997,14.887934,41.394997,High income,0.0
75,Croatia,2004,0.0,7.63,0.005201632,0.0,0.0,0.0,0.004,0.0,0.002,7.627,19.899082,,1.125,0.0,54.931602,19.88232,54.931602,High income,0.0
76,Croatia,2005,0.0,7.04,0.026201049,0.01,0.0,0.01,0.014,0.0,0.01,7.036,18.502132,,1.3,0.07656968,54.05819,18.435038,53.905052,High income,0.0
77,Croatia,2006,0.0,6.62,0.050081406,0.02,0.0,0.01,0.011,0.0,0.019,6.617,17.52409,,1.5,0.15479876,51.47059,17.44148,51.238388,High income,0.0
78,Croatia,2007,0.0,4.7,0.09125078,0.03,0.0,0.01,0.007,0.0,0.035,4.7,12.365527,,1.98,0.23923445,37.79904,12.253684,37.48006,High income,0.0
79,Croatia,2008,0.0,5.78,0.104204215,0.04,0.0,0.02,0.021,0.0,0.04,5.781,15.2264805,,1.95,0.31298906,45.6964,15.060128,45.226917,High income,0.0
80,Croatia,2009,0.0,7.41,0.1415946,0.05,0.0,0.02,0.025,1.6464e-05,0.054,7.409,19.643877,,2.02,0.37453184,56.02996,19.42731,55.505615,High income,0.0
81,Croatia,2010,0.0,9.13,0.3563596,0.14,0.0,0.03,0.033,1.6464e-05,0.139,9.126,23.850374,,2.19,0.94658554,62.880325,23.39667,61.7309,High income,0.0
82,Croatia,2011,0.0,5.03,0.5870507,0.2,0.0,0.05,0.055,1.6464e-05,0.201,5.033,15.472614,,2.325,1.780944,47.016922,14.699635,44.790745,High income,0.0
83,Croatia,2012,0.0,4.84,1.029851,0.33,0.0,0.09,0.094,0.002,0.329,4.837,16.519665,,2.56,3.1161473,49.6695,15.141003,45.703495,High income,0.0
84,Croatia,2013,0.0,8.62,1.4666687,0.52,0.01,0.13,0.125,0.011293959,0.517,8.622,26.373661,,3.1,3.7275987,66.5233,24.459606,61.792114,High income,0.07168459
85,Croatia,2014,0.0,9.01,2.0597837,0.73,0.04,0.16,0.165,0.035,0.73,9.007,28.121477,,3.61,5.4315476,73.95833,25.414349,67.0387,High income,0.29761904
86,Croatia,2015,0.0,6.39,2.3550425,0.8,0.06,0.27,0.266,0.057,0.796,6.391,22.36495,,4.059,7.111111,66.844444,18.908386,56.8,High income,0.53333336
87,Croatia,2016,0.0,6.85,2.8654633,1.01,0.07,0.43,0.431,0.066,1.014,6.853,23.870218,,3.777,8.00317,66.24405,19.365898,54.278923,High income,0.5546751
88,Croatia,2017,0.0,5.31,3.3805425,1.2,0.08,0.53,0.5256,0.0787,1.204,5.3074,20.273584,,4.062,10.178118,60.39016,14.901905,45.03817,High income,0.6785411
89,Croatia,2018,10.0,7.7,3.599316,1.34,0.07,0.67,0.6701,0.0749,1.3354,7.7009,26.73535,,4.066,9.889298,72.177124,20.756304,56.82657,High income,0.51660514
90,Croatia,2019,10.0,5.83,4.036774,1.47,0.08,0.97,0.9703,0.0831,1.4673,5.8261,23.463097,,5.12,11.611375,65.95577,16.028522,46.050552,High income,0.6319115
91,Croatia,2020,10.0,5.66,4.945428,1.72,0.1,1.07,1.072,0.0955,1.7207,5.6624,25.170088,,5.64,12.990937,64.57704,16.274183,42.749245,High income,0.75528705
92,El Salvador,1990,95.0,92.42096917352414,,20.27966659046333,6.892161197602863,15.238362342409335,,,,,,,0.0,2.670978746790844,42.3645602508079,,30.042829835906645,Lower middle income,0.0
93,El Salvador,1995,105.0,92.42096917352414,,20.27966659046333,6.892161197602863,15.238362342409335,,,,,,,0.0,2.670978746790844,42.3645602508079,,30.042829835906645,Lower middle income,0.0
94,El Salvador,2000,161.2,1.16,,0.0,0.0,0.87,,,,,,,0.0,0.0,54.42359,,31.099195,Lower middle income,0.0
95,El Salvador,2001,161.2,1.15,,0.0,0.0,1.1800001,,,,,,,0.0,0.0,61.477573,,30.343008,Lower middle income,0.0
96,El Salvador,2002,161.2,1.13,,0.0,0.0,1.27,,,,,,,0.0,0.0,60.453403,,28.463476,Lower middle income,0.0
97,El Salvador,2003,161.2,1.45,,0.0,0.0,1.36,,,,,,,0.0,0.0,65.80796,,33.957844,Lower middle income,0.0
98,El Salvador,2004,151.2,1.37,,0.0,0.0,1.36,,,,,,,0.0,0.0,62.903225,,31.566818,Lower middle income,0.0
99,El Salvador,2005,151.2,1.66,,0.0,0.0,1.41,,,,,,,0.0,0.0,65.180466,,35.24416,Lower middle income,0.0
100,El Salvador,2006,151.2,1.96,,0.0,0.0,1.53,,,,,,,0.0,0.0,62.32143,,35.0,Lower middle income,0.0
101,El Salvador,2007,204.4,1.73,,0.0,0.0,1.78,,,,,,,0.0,0.0,61.36364,,30.244757,Lower middle income,0.0
102,El Salvador,2008,204.4,2.03,,0.0,0.0,1.88,,,,,,,0.069,0.0,65.27546,,33.889816,Lower middle income,0.0
103,El Salvador,2009,204.4,1.5,,0.0,0.0,1.97,,,,,,,0.095,0.0,59.31624,,25.641026,Lower middle income,0.0
104,El Salvador,2010,204.4,2.08,,0.0,0.0,1.89,,,,,,,0.125,0.0,66.49917,,34.840874,Lower middle income,0.0
105,El Salvador,2011,204.0,2.01,,0.0,0.0,2.11,,,,,,,0.169,0.0,67.651886,,33.004925,Lower middle income,0.0
106,El Salvador,2012,204.4,1.84,,0.0,0.0,2.34,,,,,,,0.256,0.0,66.773155,,29.392971,Lower middle income,0.0
107,El Salvador,2013,204.4,1.78,,0.0,0.01,2.33,,,,,,,0.325,0.0,65.70973,,28.389154,Lower middle income,0.15948963
108,El Salvador,2014,204.4,1.71,,0.0,0.02,2.4099998,,,,,,,0.3654,0.0,66.34615,,27.403847,Lower middle income,0.32051283
109,El Salvador,2015,204.4,1.35,,0.0,0.03,2.19,,,,,,,0.4369,0.0,59.400997,,22.46256,Lower middle income,0.49916804
110,El Salvador,2016,204.4,1.26,,0.0,0.04,2.38,,,,,,,0.48,0.0,61.12957,,20.930233,Lower middle income,0.66445184
111,El Salvador,2017,204.4,1.62,,0.0,0.19,2.13,,,,,,,0.4785,0.0,71.76685,,29.508198,Lower middle income,3.460838
112,El Salvador,2018,204.4,1.54,,0.0,0.31,2.1,,,,,,,0.512,0.0,74.10882,,28.893059,Lower middle income,5.816135
113,El Salvador,2019,204.4,1.44,,0.0,0.5,2.21,,,,,,,0.555,0.0,69.28214,,24.040068,Lower middle income,8.347246
114,El Salvador,2020,204.0,1.99,,0.01,0.91,2.06,,,,,,,0.0,0.1597444,79.39297,,31.789137,Lower middle income,14.53674
115,Ethiopia,1990,0.0,92.42096917352414,,20.27966659046333,6.892161197602863,15.238362342409335,,,,,,,0.0,2.670978746790844,42.3645602508079,,30.042829835906645,Low income,0.0
116,Ethiopia,1995,0.0,92.42096917352414,,20.27966659046333,6.892161197602863,15.238362342409335,,,,,,,0.0,2.670978746790844,42.3645602508079,,30.042829835906645,Low income,0.0
117,Ethiopia,2000,7.3,1.63,,0.0,0.0,0.01,,,,,,,0.0,0.0,96.47059,,95.88235,Low income,0.0
118,Ethiopia,2001,7.3,1.97,,0.0,0.0,0.01,,,,,,,0.0,0.0,97.05882,,96.56863,Low income,0.0
119,Ethiopia,2002,7.3,2.0,,0.0,0.0,0.01,,,,,,,0.0,0.0,97.101456,,96.61836,Low income,0.0
120,Ethiopia,2003,7.3,2.26,,0.0,0.0,0.01,,,,,,,0.0,0.0,97.4249,,96.99571,Low income,0.0
121,Ethiopia,2004,7.3,2.5,,0.0,0.0,0.01,,,,,,,0.0,0.0,97.665375,,97.27627,Low income,0.0
122,Ethiopia,2005,7.3,2.81,,0.0,0.0,0.01,,,,,,,0.0,0.0,97.916664,,97.56944,Low income,0.0
123,Ethiopia,2006,7.3,3.23,,0.0,0.0,0.01,,,,,,,0.0,0.0,98.181816,,97.87879,Low income,0.0
124,Ethiopia,2007,7.3,3.35,,0.0,0.0,0.02,,,,,,,0.0,0.0,95.19774,,94.63277,Low income,0.0
125,Ethiopia,2008,7.3,3.26,,0.0,0.0,0.049999997,,,,,,,0.0,0.0,88.26667,,86.933334,Low income,0.0
126,Ethiopia,2009,7.3,3.49,,0.0,0.0,0.06,,,,,,,0.025,0.0,89.420654,,87.90932,Low income,0.0
127,Ethiopia,2010,7.3,4.88,,0.0,0.0,0.03,,,,,,,0.026,0.0,98.3968,,97.79559,Low income,0.0
128,Ethiopia,2011,7.3,6.2,,0.03,0.0,0.02,,,,,,,0.036,0.47468352,98.8924,,98.101265,Low income,0.0
129,Ethiopia,2012,7.3,7.31,,0.19,0.0,0.01,,,,,,,0.0852,2.5165563,99.4702,,96.82119,Low income,0.0
130,Ethiopia,2013,7.3,8.26,,0.36,0.01,0.01,,,,,,,0.962,4.1522493,99.653984,,95.27105,Low income,0.115340255
131,Ethiopia,2014,7.3,8.92,,0.5,0.02,0.01,,,,,,,0.171,5.279831,99.7888,,94.192184,Low income,0.21119323
132,Ethiopia,2015,7.3,9.58,,0.76,0.02,0.01,,,,,,,0.171,7.3147254,99.8075,,92.20404,Low income,0.19249277
133,Ethiopia,2016,7.3,11.64,,0.78,0.02,0.02,,,,,,,0.265,6.255012,99.91981,,93.344025,Low income,0.16038492
134,Ethiopia,2017,7.3,12.55,,0.53,0.02,0.02,,,,,,,0.295,4.036557,99.923836,,95.582634,Low income,0.15232292
135,Ethiopia,2018,7.3,12.89,,0.85,0.02,0.02,,,,,,,0.324,6.163887,99.92748,,93.47353,Low income,0.14503263
136,Ethiopia,2019,7.3,13.56,,0.61,0.02,0.03,,,,,,,0.324,4.2867184,99.929726,,95.29164,Low income,0.14054814
137,Ethiopia,2020,7.0,13.56,,0.61,0.03,0.02,,,,,,,0.324,4.2867184,99.929726,,95.29164,Low income,0.21082221
138,Europe,1990,617.6,646.1752,0.0065589934,0.77946043,0.0125,18.937754,18.937754,0.0125,0.77946043,646.1752,5.6125426,,10.6524,0.018229336,15.573598,5.4374146,15.112176,,0.00029233898
139,Europe,1995,710.9,705.6242,0.037008733,3.8630292,0.04484,26.28833,26.28833,0.04484,3.8630292,705.6242,7.0650234,,11.125489,0.09472565,18.043114,6.760065,17.30267,,0.0010995254
140,Europe,2000,794.0,733.81,0.21325113,22.26,0.12,41.19,40.83785,0.07447325,22.410215,750.92126,7.77206,,12.733664,0.51701075,18.519947,7.1456194,17.04347,,0.0027871197
141,Europe,2001,807.0,748.48,0.25034827,26.76,0.19999999,43.56,44.781166,0.1942025,26.865986,761.91907,7.7981777,,17.395334,0.61033463,18.679523,7.0998745,17.071123,,0.004561544
142,Europe,2002,902.0,677.86,0.3390697,36.43,0.28,49.27,50.947037,0.31475502,36.39815,692.4999,7.304162,,23.294012,0.8251434,17.301058,6.451037,15.353601,,0.0063420297
143,Europe,2003,940.0,637.37,0.40813354,44.85,0.42000002,57.72,58.28682,0.46869773,44.852352,650.5362,6.906544,,28.160846,0.99347645,16.399782,5.919546,14.118442,,0.009303458
144,Europe,2004,875.2,686.52,0.5335272,59.77,0.7,68.92,69.246056,0.75109786,59.757095,700.42944,7.4689255,,34.32826600000001,1.297106,17.706572,6.2536216,14.898599,,0.015191137
145,Europe,2005,933.1,695.04,0.6330879,71.56,1.4799999,78.96001,79.35107,1.5123832,71.59055,704.81067,7.651272,,40.69319,1.5327739,18.143106,6.232765,14.887355,,0.03170074
146,Europe,2006,1142.1,681.33,0.7248037,83.64,2.5,89.36,89.888374,2.569088,83.65384,691.0072,7.5956726,,47.9278,1.7580035,18.009445,5.9871078,14.320665,,0.052546732
147,Europe,2007,1207.9,693.48004,0.92137194,106.18,3.81,99.369995,99.9839,3.8777049,106.1637,705.1938,8.04044,,56.34890600000001,2.2069705,18.765692,6.1202264,14.414108,,0.079191536
148,Europe,2008,1304.9,712.82996,1.0493509,121.33,7.47,109.71,110.35963,7.589071,121.3246,724.58234,8.450697,,64.063395,2.4988055,19.592958,6.2669983,14.680815,,0.15384552
149,Europe,2009,1380.9,716.6,1.2298068,134.91,14.15,119.99,120.63333,14.324835,134.66466,728.03046,9.250828,,75.81564,2.9213312,21.343193,6.64864,15.517203,,0.30640307
150,Europe,2010,1430.9,750.9,1.3167818,151.1,23.369999,136.05,136.54741,23.495037,150.53226,764.53345,9.566195,,84.92835000000001,3.134595,22.019337,6.6877594,15.577546,,0.48481455
151,Europe,2011,1555.2,672.96,1.6013054,182.75,47.72,145.15,145.83566,47.10389,181.94289,680.4041,9.470131,,94.72223,3.8217828,21.928562,5.9883337,14.073362,,0.9979506
152,Europe,2012,1612.2,724.44,1.8363538,209.27,72.12,160.73,162.13869,72.233894,209.1829,731.2924,10.526842,,107.20097,4.348052,24.237892,6.4197965,15.05186,,1.4984543
153,Europe,2013,1773.2,773.38,2.1226726,240.5,87.240005,170.62,172.66672,86.55054,240.57028,783.6045,11.563236,,118.1839,5.040724,26.654844,6.914136,16.209543,,1.828494
154,Europe,2014,1909.265,768.43,2.3187873,258.01,99.72,180.57,183.39012,97.48233,256.4001,776.928,12.157203,,130.21045,5.507562,27.893867,7.026249,16.403147,,2.1286542
155,Europe,2015,2128.265,727.61,2.7724133,307.54,110.37,191.54001,194.83345,108.385086,307.4658,737.07294,12.454003,,142.99906,6.519905,28.345919,6.6461725,15.425467,,2.3398645
156,Europe,2016,2327.484,760.13,2.719523,307.58,113.799995,195.08,197.5783,111.85476,307.5515,768.6971,12.5641365,,155.73211,6.4507055,28.870464,6.797201,15.941789,,2.3866649
157,Europe,2017,2621.855,702.61,3.2079592,366.49,122.520004,199.77,202.82663,120.501144,366.5533,711.73627,12.595028,,170.57127,7.658407,29.075367,6.228892,14.682183,,2.5602555
158,Europe,2018,2899.655,765.97003,3.291162,383.66,129.78,205.53,208.48138,129.11078,383.71252,777.25073,13.195203,,181.88416,7.997799,30.955147,6.6666017,15.967456,,2.7054014
159,Europe,2019,3136.665,725.99,3.8027346,441.43,143.47,212.39,215.07036,142.3568,438.09222,734.5362,13.646666,,196.35016,9.287319,32.048542,6.3759317,15.274224,,3.0184891
160,Europe,2020,3265.0,788.61,4.5169597,487.76,169.38,216.76,219.37163,166.7337,489.22644,792.66,15.806127,,208.73247,10.5734825,36.03928,7.3185196,17.095198,,3.6717575
161,France,1990,4.2,53.87,3.0203992e-05,0.0,0.0,1.91,1.913,0.0,0.000271526,53.866,6.222641,0.0,0.026,0.0,13.370086,5.992851,12.9122715,High income,0.0
162,France,1995,4.2,73.12,0.00048401835,0.0,0.0,2.33,2.329,0.00204,0.0047142,73.119,7.823903,1.8613815,0.031,0.0,15.360343,7.504825,14.885994,High income,0.0
163,France,2000,0.0,64.78,0.004567796,0.05,0.01,2.99,2.986,0.00522325,0.048,66.363,6.7445607,3.7758656,0.038,0.009370315,12.71177,6.3152604,12.140181,High income,0.001874063
164,France,2001,0.0,72.62,0.012235258,0.13,0.01,3.33,3.334,0.0061605,0.131,74.268,7.405367,3.7668989,0.066,0.023912443,13.996136,6.93655,13.35786,High income,0.0018394187
165,France,2002,0.0,58.88,0.024846254,0.27,0.01,3.53,3.537,0.00710345,0.265,60.397,6.175621,4.034773,0.138,0.048902415,11.354416,5.6627903,10.664349,High income,0.0018112005
166,France,2003,0.0,57.35,0.035777085,0.39,0.01,3.72,3.717,0.0077673,0.388,58.943,5.962182,4.430088,0.218,0.06965281,10.978354,5.435075,10.242535,High income,0.0017859695
167,France,2004,0.0,58.04,0.054071266,0.59,0.01,3.78,3.782,0.008447984,0.595,59.555,5.970315,4.643859,0.358,0.10402157,11.005131,5.4121256,10.232903,High income,0.0017630776
168,France,2005,0.0,50.14,0.08738115,0.96,0.01,3.8700001,3.872,0.01050076,0.962,51.48,5.365334,7.501699,0.6900000000000001,0.16846244,9.647984,4.676072,8.798653,High income,0.001754817
169,France,2006,0.0,54.88,0.19854215,2.18,0.01,3.8400002,3.841,0.01190605,2.182,56.303,5.969732,7.866113,1.412,0.38380283,10.723592,5.123061,9.661972,High income,0.0017605633
170,France,2007,0.0,55.99,0.37458006,4.07,0.02,4.22,4.216,0.018,4.07,57.604,6.6387134,13.113837,2.223,0.7239288,11.437008,5.30155,9.958912,High income,0.0035573894
171,France,2008,0.0,62.16,0.5191732,5.69,0.04,4.44,4.436,0.042,5.694,63.654,7.6322675,24.178932,3.403,1.0029083,12.748745,5.803908,10.956201,High income,0.007050322
172,France,2009,0.0,55.49,0.7593175,7.91,0.17,4.58,4.578,0.174,7.912,56.994,7.70645,27.055717,4.582,1.4946806,12.877686,5.4697347,10.48544,High income,0.032123353
173,France,2010,0.0,61.2,0.92079973,9.94,0.62,4.92,4.917,0.62,9.945,62.714,8.220292,26.374874,5.912,1.7660749,13.624007,5.8066397,10.87362,High income,0.110157594
174,France,2011,16.3,45.74,1.1538953,12.37,2.33,5.58,5.48,2.078,12.052,44.791,7.185518,26.244072,6.758016,2.1801198,11.6355295,4.288427,8.061332,High income,0.41064504
175,France,2012,15.3,59.83,1.4368485,15.18,4.43,5.8100004,6.3471003,4.016,15.107985,58.78245,9.137363,30.628035,7.607496,2.6768708,15.033152,5.5905185,10.550539,High income,0.7811948
176,France,2013,16.3,71.92,1.5015919,16.13,5.19,6.18,7.80987,4.735,16.054344,70.84405,10.4594345,28.553371,8.155961,2.7981608,17.246943,6.6261725,12.476364,High income,0.90033823
177,France,2014,16.3,63.77,1.674002,17.32,6.39,6.5499997,8.320374,5.913,17.250189,62.829517,10.459279,28.88099,9.201425,3.059044,16.6075,6.0971355,11.263003,High income,1.1285964
178,France,2015,16.3,55.56,2.0474362,21.42,7.75,7.11,8.844254,7.2631626,21.350168,54.556957,10.147399,30.707294,10.29818,3.7322276,16.002232,5.2318974,9.680792,High income,1.3503624
179,France,2016,15.51,60.84,2.0660396,21.38,8.66,8.12,9.635901,8.164943,21.307964,59.923428,10.975246,28.094324,11.566564,3.8270829,17.721292,5.8102303,10.890539,High income,1.5501655
180,France,2017,15.9,50.0,2.3833985,24.61,9.59,8.43,10.333821,9.102625,24.54369,48.964455,10.437264,27.349375,13.499357,4.425622,16.657675,4.75486,8.991511,High income,1.724572
181,France,2018,15.9,65.11,2.7044618,28.6,10.92,8.99,10.550078,10.411551,28.53087,63.915768,12.132495,31.01172,14.900146,4.9667435,19.731518,6.058622,11.307157,High income,1.896393
182,France,2019,15.9,56.91,3.3397024,34.72,12.33,9.25,10.743961,11.747336,34.61536,56.027714,12.384905,28.762793,16.456854,6.137312,20.011667,5.405574,10.059748,High income,2.1795235
183,France,2020,16.0,62.59,4.2431736,39.86,13.46,9.37,10.668056,12.925406,39.74983,61.17179,14.788747,26.882746,17.484002,7.559981,23.761024,6.5299044,11.871029,High income,2.5528686
184,Germany,1990,0.0,17.43,0.00500749,0.07,0.0,1.6,1.435,0.001,0.071,17.335,1.33694,0.0,5.365,0.012801288,3.4929228,1.222604,3.1875205,High income,0.0
185,Germany,1995,0.0,21.78,0.11159026,1.71,0.01,2.43,2.049,0.005,1.5,21.556,1.8891898,0.36166975,5.651,0.32093993,4.8666506,1.6036263,4.087761,High income,0.0018768416
186,Germany,2000,0.0,21.73,0.7043665,9.35,0.06,4.33,3.4,0.0,9.5,24.9,2.8871117,2.583337,6.095,1.6337587,6.1977983,1.8461816,3.7969596,High income,0.010484012
187,Germany,2001,0.0,22.73,0.75924927,10.46,0.12,4.59,5.2,0.1,10.5,23.2,2.9411676,3.6166625,8.754,1.7975906,6.513259,1.6775793,3.9062364,High income,0.020622455
188,Germany,2002,0.0,23.12,1.1495706,15.86,0.19,5.31,6.4,0.2,15.8,23.7,3.538632,5.6833367,12.001,2.7252731,7.6431365,1.7243558,3.9727814,High income,0.03264829
189,Germany,2003,0.0,18.32,1.3802536,19.09,0.31,8.95,8.948651,0.313,19.087,18.321198,3.6419897,6.912907,14.381,3.1682546,7.745544,1.3248755,3.0404623,High income,0.051448867
190,Germany,2004,0.2,20.75,1.8698179,26.02,0.56,10.64,10.635514,0.557,26.019,20.745722,4.5165977,10.579198,16.419,4.2636166,9.498919,1.4908614,3.4000785,High income,0.09176116
191,Germany,2005,0.2,19.64,2.0069606,27.77,1.28,14.71,14.7062,1.308,27.774,19.638,5.2084193,16.176365,18.248,4.5271516,10.335665,1.41905,3.201774,High income,0.20866957
192,Germany,2006,0.2,20.03,2.1940184,31.32,2.22,18.94,18.9344,2.265,31.324,20.031,6.0263047,26.60217,20.474,4.9729285,11.512996,1.4030259,3.1803243,High income,0.35248727
193,Germany,2007,3.0,21.17,2.941843,40.51,3.08,24.62,24.6164,3.137,40.507,21.17,7.6538334,33.02326,22.116,6.406667,14.135471,1.5374829,3.3480413,High income,0.48710284
194,Germany,2008,3.0,20.44,2.9556358,41.38,4.42,28.04,28.0316,4.508,41.385,20.443,7.8176284,29.390696,22.794,6.53506,14.88945,1.459999,3.2280478,High income,0.6980417
195,Germany,2009,8.0,19.03,2.981672,39.42,6.58,30.91,30.9048,6.715,39.42,19.031,8.45428,29.409874,25.732,6.693381,16.290285,1.4394774,3.231229,High income,1.1172615
196,Germany,2010,8.0,20.95,2.7810256,38.55,11.73,33.949997,33.9517,11.963,38.547,20.953,8.792469,36.448257,26.903,6.1715546,16.8385,1.5116826,3.353932,High income,1.8778816
197,Germany,2011,6.0,17.67,3.7066445,49.86,19.6,36.91,36.9098,19.991,49.857,17.671,10.566965,35.813656,28.712,8.239007,20.496721,1.3137597,2.9198408,High income,3.2387595
198,Germany,2012,16.0,21.75,3.7667844,51.68,26.38,43.23,43.2284,26.744,51.68,21.755,11.899699,33.560238,30.979,8.330244,23.056463,1.5856501,3.5058591,High income,4.252164
199,Germany,2013,26.0,23.0,3.715384,52.74,31.01,45.59,45.593,30.621,52.737,22.998,12.063335,35.74399,33.477,8.356174,24.136892,1.6202364,3.6441414,High income,4.9132533
200,Germany,2014,29.0,19.59,4.273785,58.5,36.06,48.39,48.385,34.558,58.497,19.587,13.278847,39.94682,38.614,9.436245,26.21824,1.4310244,3.1599321,High income,5.8165984
201,Germany,2015,29.0,18.98,5.746268,80.62,38.73,50.460003,50.459,37.171,80.624,18.977,14.823544,36.827896,44.58,12.585667,29.472189,1.3525369,2.962986,High income,6.0461774
202,Germany,2016,33.0,20.55,5.5711207,79.92,38.1,51.1,51.103,36.67,79.924,20.546,14.607312,37.246746,49.435,12.429818,29.499044,1.4321636,3.1961057,High income,5.9256263
203,Germany,2017,32.0,20.15,7.2301664,105.69,39.4,51.079998,51.08,37.893,105.693,20.15,16.196213,38.017643,55.58,16.360428,33.48555,1.3784059,3.1191468,High income,6.098977
204,Germany,2018,35.0,17.69,7.6697044,109.95,43.46,50.97,50.972,43.459,109.951,17.693,17.084951,39.05974,58.721,17.377356,35.097675,1.2341868,2.7958655,High income,6.8687572
205,Germany,2019,40.0,19.73,8.980649,125.89,44.38,50.33,50.323,44.383,125.894,19.731,18.768305,40.795673,60.742,20.999517,40.089077,1.407511,3.2911308,High income,7.4029593
206,Germany,2020,40.0,18.72,10.107821,132.1,49.5,51.16,51.092,48.641,132.102,18.322,21.122828,39.174717,62.188,23.287382,44.332405,1.4019129,3.3000739,High income,8.726157
207,Guatemala,1990,0.0,92.42096917352414,,20.27966659046333,6.892161197602863,15.238362342409335,,,,,,,0.0,2.670978746790844,42.3645602508079,,30.042829835906645,Upper middle income,0.0
208,Guatemala,1995,0.0,92.42096917352414,,20.27966659046333,6.892161197602863,15.238362342409335,,,,,,,0.0,2.670978746790844,42.3645602508079,,30.042829835906645,Upper middle income,0.0
209,Guatemala,2000,29.0,2.5,,0.0,0.0,0.69,,,,,,,0.0,0.0,52.902153,,41.45937,Upper middle income,0.0
210,Guatemala,2001,29.0,2.18,,0.0,0.0,0.82,,,,,,,0.0,0.0,51.457977,,37.392796,Upper middle income,0.0
211,Guatemala,2002,29.0,1.93,,0.0,0.0,0.86,,,,,,,0.0,0.0,45.43974,,31.433226,Upper middle income,0.0
212,Guatemala,2003,29.0,2.65,,0.0,0.0,0.9,,,,,,,0.0,0.0,46.405228,,34.640522,Upper middle income,0.0
213,Guatemala,2004,29.0,2.54,,0.0,0.0,0.75,,,,,,,0.0,0.0,48.813057,,37.685463,Upper middle income,0.0
214,Guatemala,2005,29.0,2.91,,0.0,0.0,1.08,,,,,,,0.0,0.0,48.07229,,35.06024,Upper middle income,0.0
215,Guatemala,2006,54.2,3.27,,0.0,0.0,1.3399999,,,,,,,0.0,0.0,55.60917,,39.445114,Upper middle income,0.0
216,Guatemala,2007,54.2,3.0,,0.0,0.0,1.58,,,,,,,0.0,0.0,50.77605,,33.259422,Upper middle income,0.0
217,Guatemala,2008,54.2,3.64,,0.0,0.0,1.41,,,,,,,0.0,0.0,59.83413,,43.127964,Upper middle income,0.0
218,Guatemala,2009,54.2,2.91,,0.0,0.0,1.5899999,,,,,,,0.0,0.0,52.693207,,34.07494,Upper middle income,0.0
219,Guatemala,2010,54.2,3.81,,0.0,0.0,1.22,,,,,,,0.0,0.0,62.953697,,47.68461,Upper middle income,0.0
220,Guatemala,2011,54.2,4.13,,0.0,0.0,1.13,,,,,,,0.0,0.0,63.526573,,49.87923,Upper middle income,0.0
221,Guatemala,2012,54.2,4.46,,0.0,0.0,1.48,,,,,,,0.0,0.0,63.733906,,47.85408,Upper middle income,0.0
222,Guatemala,2013,49.2,4.65,,0.0,0.0,1.7900001,,,,,,,0.0,0.0,63.952335,,46.176765,Upper middle income,0.0
223,Guatemala,2014,49.2,4.84,,0.0,0.01,2.05,,,,,,,0.0,0.0,64.54631,,45.27596,Upper middle income,0.09354537
224,Guatemala,2015,49.2,3.87,,0.11,0.16,2.72,,,,,,,0.0,0.9623797,60.017498,,33.858265,Upper middle income,1.399825
225,Guatemala,2016,49.2,3.99,,0.22,0.19,2.8799999,,,,,,,0.0,1.8287615,60.51538,,33.167084,Upper middle income,1.5793849
226,Guatemala,2017,49.2,5.81,,0.22,0.2,2.6599998,,,,,,,0.0,1.7350157,70.11041,,45.820187,Upper middle income,1.5772871
227,Guatemala,2018,49.2,5.31,,0.32,0.2,3.37,,,,,,,0.0,2.2678952,65.20199,,37.632885,Upper middle income,1.4174345
228,Guatemala,2019,52.0,4.47,,0.33,0.23,3.44,,,,,,,0.126,2.3913043,61.376812,,32.3913,Upper middle income,1.6666666
229,Guatemala,2020,49.0,5.78,,0.31,0.22,2.84,,,,,,,0.235,2.308265,68.13104,,43.037975,Upper middle income,1.6381235
230,Honduras,1990,0.0,92.42096917352414,,20.27966659046333,6.892161197602863,15.238362342409335,,,,,,,0.235,2.670978746790844,42.3645602508079,,30.042829835906645,Lower middle income,0.0
231,Honduras,1995,0.0,92.42096917352414,,20.27966659046333,6.892161197602863,15.238362342409335,,,,,,,0.0,2.670978746790844,42.3645602508079,,30.042829835906645,Lower middle income,0.0
232,Honduras,2000,0.0,2.24,,0.0,0.0,0.0,,,,,,,0.0,0.0,63.276836,,63.276836,Lower middle income,0.0
233,Honduras,2001,0.0,1.88,,0.0,0.0,0.01,,,,,,,0.0,0.0,50.4,,50.133335,Lower middle income,0.0
234,Honduras,2002,0.0,1.6,,0.0,0.0,0.03,,,,,,,0.0,0.0,41.475826,,40.712467,Lower middle income,0.0
235,Honduras,2003,0.0,1.72,,0.0,0.0,0.09,,,,,,,0.0,0.0,41.609196,,39.54023,Lower middle income,0.0
236,Honduras,2004,0.0,1.39,,0.0,0.0,0.15,,,,,,,0.0,0.0,33.04721,,29.828327,Lower middle income,0.0
237,Honduras,2005,0.0,1.7,,0.0,0.0,0.22,,,,,,,0.0,0.0,35.62152,,31.53989,Lower middle income,0.0
238,Honduras,2006,0.0,2.05,,0.0,0.0,0.21,,,,,,,0.0,0.0,39.372826,,35.714287,Lower middle income,0.0
239,Honduras,2007,0.0,2.19,,0.0,0.0,0.25,,,,,,,0.0,0.0,40.330578,,36.198345,Lower middle income,0.0
240,Honduras,2008,0.0,2.27,,0.0,0.0,0.31,,,,,,,0.0,0.0,41.017487,,36.08903,Lower middle income,0.0
241,Honduras,2009,0.0,2.77,,0.0,0.0,0.3,,,,,,,0.0,0.0,48.194664,,43.48509,Lower middle income,0.0
242,Honduras,2010,0.0,3.05,,0.0,0.0,0.29,,,,,,,0.0,0.0,51.226994,,46.77914,Lower middle income,0.0
243,Honduras,2011,0.0,2.79,,0.12,0.0,0.49,,,,,,,0.0,1.7142857,48.57143,,39.857143,Lower middle income,0.0
244,Honduras,2012,0.0,2.76,,0.34,0.01,0.44,,,,,,,0.0,4.539386,47.39653,,36.849133,Lower middle income,0.13351135
245,Honduras,2013,0.0,2.71,,0.31,0.01,0.55,,,,,,,0.0,4.0103493,46.313065,,35.058216,Lower middle income,0.1293661
246,Honduras,2014,0.0,2.58,,0.4,0.01,0.63,,,,,,,0.0,4.7789726,43.249702,,30.824373,Lower middle income,0.119474314
247,Honduras,2015,0.0,2.32,,0.67,0.43,0.87,,,,,,,0.0,7.13525,45.6869,,24.707134,Lower middle income,4.5793395
248,Honduras,2016,0.0,2.33,,0.58,0.89,1.0,,,,,,,0.0,6.0669456,50.209206,,24.372383,Lower middle income,9.309623
249,Honduras,2017,35.0,2.97,,0.58,0.93,0.96000004,,,,,,,0.0,6.0416665,56.666664,,30.937498,Lower middle income,9.6875
250,Honduras,2018,35.0,3.15,,0.93,1.0,1.05,,,,,,,0.0,9.39394,61.919193,,31.818184,Lower middle income,10.10101
251,Honduras,2019,35.0,2.43,,0.82,1.12,1.3599999,,,,,,,0.0,7.3741007,51.528778,,21.852518,Lower middle income,10.071942
252,Honduras,2020,39.0,2.7,,0.71,1.05,1.3900001,,,,,,,0.125,6.2776303,51.724136,,23.872679,Lower middle income,9.283818
253,Iceland,1990,44.8,4.2,0.0,0.0,0.0,0.3,0.28291,0.0,0.0,4.1537,60.333626,,0.96,0.0,99.77827,56.632233,93.12637,High income,0.0
254,Iceland,1995,49.6,4.68,0.0,0.0,0.0,0.29,0.288177,0.0,0.0,4.677187,61.592953,,1.02,0.0,99.79919,58.154625,93.9759,High income,0.0
255,Iceland,2000,172.0,6.36,0.0,0.0,0.0,1.32,1.322663,0.0,0.0,6.350488,67.80518,,1.082,0.0,100.0,56.51081,82.8125,High income,0.0
256,Iceland,2001,202.0,6.58,0.0,0.0,0.0,1.45,1.450863,0.0,0.0,6.572595,69.64024,,1.093,0.0,100.0,57.467228,81.94272,High income,0.0
257,Iceland,2002,202.0,6.98,0.0,0.0,0.0,1.43,1.43042,0.0,0.0,6.970682,69.7559,,1.093,0.0,99.88123,58.27978,82.897865,High income,0.0
258,Iceland,2003,202.0,7.09,0.0,0.0,0.0,1.41,1.4046782,0.0,0.0,7.0823274,69.68164,,1.095,0.0,99.88249,58.54016,83.31374,High income,0.0
259,Iceland,2004,202.0,7.13,0.0,0.0,0.0,1.48,1.4823828,0.0,0.0,7.131893,68.89618,,1.1,0.0,100.0,57.437603,82.81069,High income,0.0
260,Iceland,2005,232.0,7.02,0.0,0.0,0.0,1.66,1.6590298,0.0,0.0,7.015286,68.649345,,1.13,0.0,100.0,55.947964,80.87557,High income,0.0
261,Iceland,2006,422.0,7.29,0.0,0.0,0.0,2.63,2.632598,0.0,0.0,7.288997,70.91828,,1.15,0.0,100.0,52.663685,73.4879,High income,0.0
262,Iceland,2007,485.0,8.39,0.0,0.0,0.0,3.58,3.5806527,0.0,0.0,8.393735,74.30169,,1.152,0.0,100.0,52.718933,70.0919,High income,0.0
263,Iceland,2008,575.0,12.43,0.0,0.0,0.0,4.04,4.037937,0.0,0.0,12.427433,81.15162,,1.195,0.0,100.0,61.86242,75.47056,High income,0.0
264,Iceland,2009,575.0,12.28,0.0,0.0,0.0,4.55,4.5530868,0.0,0.0,12.279343,82.5026,,1.169,0.0,100.0,60.851116,72.96494,High income,0.0
265,Iceland,2010,575.0,12.59,0.0,0.0,0.0,4.47,4.4653225,0.0,0.0,12.592082,83.07628,,1.758,0.0,100.0,61.98401,73.79836,High income,0.0
266,Iceland,2011,665.0,12.51,3.882561e-05,0.0,0.0,4.7,4.701463,0.0,7.936e-06,12.506839,83.27399,,1.856,0.0,100.0,61.19831,72.6903,High income,0.0
267,Iceland,2012,665.0,12.34,0.0,0.0,0.0,5.21,5.209505,0.0,0.0,12.33653,83.54047,,1.985,0.0,100.0,59.45006,70.31339,High income,0.0
268,Iceland,2013,665.0,12.86,0.02545178,0.0,0.0,5.25,5.244992,0.0,0.005484748,12.8628435,83.09186,,2.0,0.0,100.0,59.704693,71.01049,High income,0.0
269,Iceland,2014,665.0,12.87,0.038755458,0.01,0.0,5.24,5.2383647,0.0,0.008385545,12.873015,82.747856,,2.12,0.055187635,100.0,59.482212,71.02649,High income,0.0
270,Iceland,2015,665.0,13.78,0.047931813,0.01,0.0,5.0,5.002982,0.0,0.010894204,13.780769,81.80247,,2.0,0.053219795,100.0,60.632008,73.336876,High income,0.0
271,Iceland,2016,665.0,13.47,0.040146478,0.01,0.0,5.07,5.06728,0.0,0.009209778,13.469596,79.91398,,2.256,0.05390836,100.0,58.687557,72.614555,High income,0.0
272,Iceland,2017,710.0,14.06,0.033681512,0.01,0.0,5.17,5.1695986,0.0,0.008126884,14.0587225,78.81927,,2.29,0.051975053,100.0,58.236427,73.07693,High income,0.0
273,Iceland,2018,756.0,13.81,0.01738761,0.0,0.0,6.01,6.009834,0.0,0.004363,13.812796,77.96496,,2.69,0.0,100.0,54.988987,69.67709,High income,0.0
274,Iceland,2019,756.0,13.46,0.02732681,0.01,0.0,6.02,6.0181384,0.0,0.006569191,13.461466,80.09719,,2.9562,0.051308364,100.0,56.032055,69.06106,High income,0.0
275,Iceland,2020,756.0,13.16,0.03064206,0.01,0.0,5.96,5.9606023,0.0,0.0066603,13.156972,86.836586,,3.0,0.052273918,100.0,60.50321,68.79247,High income,0.0
276,Indonesia,2000,525.0,10.02,0.0,0.0,0.0,9.58,4.8724,0.0,0.0,10.016,3.7336404,0.0,0.0,0.0,19.99388,2.5453587,10.221361,Upper middle income,0.0
277,Indonesia,2001,785.0,11.65,0.0,0.0,0.0,10.54,6.0346,0.0,0.0,11.655,4.1123867,0.0,0.0,0.0,20.90438,2.747282,10.975035,Upper middle income,0.0
278,Indonesia,2002,785.0,9.93,0.0,0.0,0.0,11.07,6.2433,0.0,0.0,9.933,3.6838136,0.0,0.0,0.0,18.579138,2.264965,8.785278,Upper middle income,0.0
279,Indonesia,2003,805.0,9.1,0.0,0.0,0.0,10.72,6.3019,0.0,0.0,9.099,3.2210946,0.0,0.0,0.0,16.883892,1.9002644,7.7519383,Upper middle income,0.0
280,Indonesia,2004,820.0,9.67,0.0,0.0,0.0,11.3,6.6656,0.0,0.0,9.674,3.4259636,0.0,0.0,0.0,16.806925,2.0270176,7.750261,Upper middle income,0.0
281,Indonesia,2005,850.0,10.73,0.0,0.0,0.0,11.93,6.615,0.0,0.0,10.725,3.5274262,0.10277778,0.0,0.0,17.05298,2.1702404,8.074955,Upper middle income,0.0
282,Indonesia,2006,850.0,9.62,0.0,0.0,0.0,11.559999,6.674,0.0,0.0,9.623,3.2203085,0.5138889,0.0,0.0,15.350051,1.8953415,6.972025,Upper middle income,0.0
283,Indonesia,2007,980.0,11.29,3.6582212e-06,0.0,0.0,13.0,7.039,0.0,2e-05,11.286,3.370551,2.5254989,0.0,0.0,16.369028,2.060172,7.6083293,Upper middle income,0.0
284,Indonesia,2008,1052.0,11.53,4.8507478e-05,0.0,0.0,14.81,8.336595,0.0001,0.00027,11.52825,3.586532,5.1463323,0.0,0.0,16.89653,2.0721788,7.396241,Upper middle income,0.0
285,Indonesia,2009,1189.0,11.38,0.0006354606,0.0,0.0,15.41,9.326545,0.0001,0.00367,11.38385,3.655174,1.7491089,0.0,0.0,16.451733,1.9709704,6.9884553,Upper middle income,0.0
286,Indonesia,2010,1189.0,17.46,0.0005717315,0.0,0.0,17.17,9.40429,0.00052,0.00364,17.45622,4.326221,2.2396321,0.0,0.0,19.50876,2.7396622,9.836065,Upper middle income,0.0
287,Indonesia,2011,1226.0,12.42,0.00068680063,0.0,0.0,18.04,9.57289,0.00077,0.00469,12.4189,3.3885977,16.585945,0.0,0.0,15.875333,1.8177232,6.473133,Upper middle income,0.0
288,Indonesia,2012,1336.0,12.8,0.000647351,0.0,0.0,18.31,9.68067,0.00301,0.00461,12.79911,3.4713633,20.319767,0.0,0.0,14.8894415,1.797496,6.1261606,Upper middle income,0.0
289,Indonesia,2013,1343.5,16.92,1.447159e-05,0.0,0.01,18.57,9.57752,0.0055,0.0001,16.92278,4.3306036,25.659632,0.0,0.0,15.766565,2.449371,7.514656,Upper middle income,0.004441286
290,Indonesia,2014,1403.5,15.16,0.0,0.0,0.01,19.240002,10.2617,0.00681,0.0,15.16129,4.4786325,36.324234,0.0,0.0,14.487201,2.1539967,6.3826203,Upper middle income,0.0042101718
291,Indonesia,2015,1438.0,13.74,0.00051262334,0.0,0.01,19.810001,10.518175,0.00528,0.0037,13.74053,3.7929575,14.81855,0.0,0.0,13.795372,1.9021369,5.648045,Upper middle income,0.004110659
292,Indonesia,2016,1533.0,18.68,0.000774836,0.01,0.02,20.869999,11.24301,0.02109,0.00569,18.67689,5.47902,33.429016,0.0,0.0038827413,15.367891,2.5450175,7.252961,Upper middle income,0.0077654826
293,Indonesia,2017,1808.0,18.63,0.0,0.0,0.03,24.51,13.35233,0.02905,0.0,18.63239,5.283774,31.23455,0.0,0.0,16.240925,2.4153602,7.008765,Upper middle income,0.011286257
294,Indonesia,2018,1948.0,21.64,0.022080738,0.19,0.09,26.46,26.44828,0.09027,0.18998,21.63638,7.393458,56.397747,7.658,0.06695091,17.047817,2.5147238,7.6253567,Upper middle income,0.03171359
295,Indonesia,2019,2130.5,21.16,0.052514452,0.48,0.12,26.279999,26.2815,0.11828,0.484,21.161,7.870309,76.79713,7.963,0.16247503,16.261044,2.2959883,7.1624413,Upper middle income,0.04061876
296,Indonesia,2020,2131.0,24.33,0.055453014,0.47,0.17,27.939999,27.9305,0.17097,0.475,24.325,9.8601465,78.586044,8.256,0.16105819,18.131039,2.8397777,8.337331,Upper middle income,0.058255088
297,Italy,1990,545.0,31.63,0.00030549947,0.0,0.0,3.27,3.271,0.004,0.001919192,31.626,5.5439982,0.0,9.125,0.0,16.373446,5.0416975,14.839315,High income,0.0
298,Italy,1995,631.7,37.78,0.0013183131,0.01,0.01,3.66,3.654,0.013,0.008636364,37.782,6.312266,0.0,9.2569,0.004219409,17.493671,5.769528,15.940928,High income,0.004219409
299,Italy,2000,590.0,44.2,0.079302475,0.56,0.02,6.0899997,6.099,0.018,0.563,44.2,7.1556435,0.0,0.363,0.20806243,18.900242,6.225878,16.42207,High income,0.0074308007
300,Italy,2001,573.0,46.81,0.1651295,1.18,0.02,6.34,6.338,0.019,1.179,46.811,7.6085052,0.0,0.664,0.43529585,20.049433,6.556299,17.267965,High income,0.007377896
301,Italy,2002,666.0,39.52,0.19670434,1.4,0.02,7.37,7.372,0.021,1.404,39.519,6.7783766,0.0,0.78,0.5058534,17.455557,5.5367227,14.27952,High income,0.0072264774
302,Italy,2003,707.0,36.67,0.19668859,1.46,0.02,8.71,8.714,0.024,1.458,36.67,6.33908,0.0,0.874,0.5115986,16.420212,4.9468937,12.849533,High income,0.0070081996
303,Italy,2004,642.0,42.34,0.24220084,1.85,0.03,9.66,9.657,0.029,1.847,42.338,7.220357,2.9394476,1.127,0.62748027,18.274939,5.551867,14.360819,High income,0.010175356
304,Italy,2005,671.0,36.07,0.30491894,2.34,0.03,9.99,9.998,0.031,2.343,36.067,6.4335437,2.055556,1.635,0.79128903,16.376978,4.6937737,12.197349,High income,0.010144731
305,Italy,2006,671.0,36.99,0.38600168,2.97,0.04,10.64,10.635,0.035,2.971,36.994,6.7299886,2.2919474,1.902,0.9684677,16.512863,4.806377,12.061826,High income,0.013043336
306,Italy,2007,671.0,32.82,0.53096056,4.03,0.04,10.83,10.827,0.039,4.034,32.815,6.4319706,2.076106,2.702,1.3118064,15.533349,4.3191547,10.683247,High income,0.01302041
307,Italy,2008,671.0,41.62,0.6467948,4.86,0.19,11.49,11.486,0.193,4.861,41.623,8.19532,7.279287,3.525,1.5552,18.6112,5.538272,13.3184,High income,0.0608
308,Italy,2009,695.0,49.14,0.9267466,6.54,0.68,12.9,12.8987,0.677,6.543,49.138,10.585501,8.685807,4.879,2.27415,24.083735,6.959877,17.08742,High income,0.23645595
309,Italy,2010,728.0,51.12,1.2436416,9.13,1.91,14.82,14.816,1.9057,9.1259,51.117,11.43081,9.046453,5.794,3.064684,25.84002,6.966023,17.159544,High income,0.64113325
310,Italy,2011,728.0,45.82,1.3609407,9.86,10.8,16.48,16.4867,10.7957,9.8564,45.823,12.443047,6.8204136,6.918,3.2895174,27.67732,6.3270955,15.286582,High income,3.6031227
311,Italy,2012,728.0,41.87,1.8911381,13.41,18.86,18.08,18.0786,18.8617,13.4071,41.875,14.165737,3.6217332,8.102,4.5230703,31.104963,5.9066763,14.122369,High income,6.3613057
312,Italy,2013,729.0,52.77,2.184469,14.9,21.59,22.74,22.7493,21.5886,14.897,52.774,17.610695,5.3124213,8.542,5.1903715,39.014874,7.738684,18.382277,High income,7.5208135
313,Italy,2014,768.0,58.55,2.3332596,15.18,22.31,24.64,24.6487,22.3064,15.1783,58.545,19.739761,5.963248,8.683,5.471453,43.497692,8.999735,21.103662,High income,8.041378
314,Italy,2015,768.0,45.54,2.2074115,14.84,22.94,25.57,25.5807,22.9422,14.8439,44.1053,17.334675,6.0315504,9.137,5.2820783,38.757786,6.558825,16.20929,High income,8.1651535
315,Italy,2016,767.0,42.43,2.606061,17.69,22.1,25.79,25.7972,22.1043,17.6887,40.6068,17.009197,6.093992,9.384,6.1594706,37.607937,5.9825654,14.773676,High income,7.694986
316,Italy,2017,767.19,36.2,2.5685332,17.74,24.38,25.57,25.5794,24.3777,17.7419,34.37274,16.149738,7.311641,9.736578,6.0477962,35.41745,4.976216,12.34105,High income,8.311459
317,Italy,2018,767.19,48.79,2.5286872,17.72,22.65,25.25,25.258,22.6538,17.7164,48.8248,17.727497,7.8877335,10.230246,6.165837,39.810013,6.9688334,16.976929,High income,7.881276
318,Italy,2019,767.0,46.32,2.8997145,20.2,23.69,25.619999,25.6375,23.6889,20.0344,47.1548,17.93995,9.075994,10.67946,6.933242,39.756306,6.8250337,15.898404,High income,8.131114
319,Italy,2020,797.0,47.55,2.9699278,18.76,24.94,25.650002,25.654734,24.551,18.6082,45.728622,19.721262,12.99235,10.870622,6.7465024,42.039772,7.2984347,17.10001,High income,8.968965
320,Japan,1990,214.6,86.895,0.0,0.0,0.001,11.340126,11.340126,0.001,0.0,86.895,5.605645,,0.0,0.0,11.1442,4.9236407,9.857629,High income,0.000113443
321,Japan,1995,413.7,78.793,4.7474052e-05,0.000959596,0.0395,14.295146,14.295146,0.0395,0.000959596,78.793,4.652009,,0.0325,9.49268e-05,9.212626,3.9038758,7.7944956,High income,0.003907487
322,Japan,2000,533.0,86.38,0.0051632067,0.11,0.35,17.32,16.111082,0.34406173,0.109,84.468,4.8274536,,0.084,0.011129097,10.538243,4.001152,8.739377,High income,0.035410766
323,Japan,2001,533.0,83.32,0.011972794,0.25,0.47,17.32,16.02874,0.49973923,0.252,81.537,4.716366,,0.175,0.02576868,10.447654,3.8739123,8.588185,High income,0.04844512
324,Japan,2002,533.0,81.55,0.019466938,0.41,0.67,18.470001,16.93931,0.69462,0.413,80.6,4.702637,,0.277,0.04155855,10.247729,3.799117,8.266097,High income,0.06791275
325,Japan,2003,535.0,93.66,0.039105684,0.83,0.9,18.79,17.876465,0.953955,0.832,92.472,5.3320413,,0.508,0.08504534,11.699369,4.3463707,9.596803,High income,0.09221784
326,Japan,2004,535.0,93.12,0.06648358,1.3,1.19,19.119999,18.053455,1.2716222,1.44,91.667,5.25767,,0.769,0.1293983,11.419897,4.2321877,9.268899,High income,0.11844922
327,Japan,2005,535.0,75.71,0.08732378,1.75,1.49,21.619999,21.686,1.6300883,1.91,77.5615,4.790323,,1.227,0.17238662,9.906813,3.546054,7.4579377,High income,0.1467749
328,Japan,2006,532.0,86.65,0.097219184,2.17,1.79,21.46,21.528,1.99563,2.135,88.80701,5.3090086,,1.805,0.21019392,10.855499,4.0439086,8.393228,High income,0.17338577
329,Japan,2007,532.0,73.27,0.12533036,2.61,2.02,22.900002,22.198,2.3124676,2.74,74.50974,4.7619534,,1.527,0.24312769,9.389759,3.4081507,6.8252735,High income,0.18816778
330,Japan,2008,532.0,75.68,0.13626374,2.94,2.25,19.92,21.293,2.5939713,2.945,75.164375,4.830859,,1.756,0.29226977,10.019684,3.4778197,7.5234613,High income,0.22367585
331,Japan,2009,535.0,76.13,0.1727199,3.61,2.76,19.779999,20.32575,3.0455124,3.4273024,70.46622,5.021396,,1.997,0.3694266,10.466746,3.5511658,7.7907057,High income,0.2824425
332,Japan,2010,537.0,83.43,0.18444408,4.02,3.54,22.93,21.827084,3.9813788,3.925729,88.50272,5.684884,,2.294,0.37147582,10.526997,4.158159,7.7095094,High income,0.32712048
333,Japan,2011,537.0,84.55,0.21983345,4.68,4.84,22.43,21.105194,5.43915,4.459041,82.48676,5.733157,,2.419,0.4469999,11.127242,4.066648,8.075608,High income,0.462282
334,Japan,2012,512.0,76.18,0.23344769,4.84,6.61,23.46,22.129982,7.371903,4.727417,77.09999,5.6502047,,2.562,0.46244985,10.61437,3.8073256,7.2788076,High income,0.6315689
335,Japan,2013,512.0,79.04,0.2538065,5.19,12.88,24.369999,23.1767,12.908781,5.133169,79.33157,6.1299677,,2.646,0.50398624,11.796579,3.9225023,7.675351,High income,1.2507404
336,Japan,2014,508.0,83.16,0.25282356,5.22,22.95,25.2,23.62768,23.548166,5.013972,81.70858,6.9359174,,2.753,0.5074317,13.271962,4.120058,8.083911,High income,2.2309496
337,Japan,2015,516.0,86.75,0.26554915,5.58,34.8,30.21,28.485174,34.540173,5.2228065,85.765114,8.068797,,2.808,0.55532885,15.658682,4.3606544,8.633473,High income,3.4633412
338,Japan,2016,526.0,79.14,0.27344534,6.17,45.76,26.630001,23.670853,43.32569,5.340769,79.42587,7.9758606,,3.247,0.6139487,15.692011,4.066575,7.874862,High income,4.55337
339,Japan,2017,481.0,83.42,0.2930232,6.49,55.07,30.140001,27.389729,54.24169,5.8271704,79.29134,8.634004,,3.483,0.6432175,17.35597,3.987219,8.2676735,High income,5.4579334
340,Japan,2018,482.0,80.63,0.32391658,7.18,62.67,33.15,30.131918,62.11436,6.4448814,81.10679,9.322305,,3.498,0.7094441,18.14418,4.0763874,7.9669185,High income,6.192321
341,Japan,2019,525.0,79.82,0.34603184,7.58,69.38,35.94,32.15621,67.746254,6.748665,73.64051,9.565927,,3.951,0.7639127,19.422329,3.7758522,8.044263,High income,6.9921184
342,Japan,2020,525.0,78.81,0.4315248,8.48,79.09,39.22,34.80145,75.13509,7.819281,77.414116,11.155339,,4.371,0.8795494,21.324924,4.2722745,8.174209,High income,8.20325
343,Kenya,1990,45.0,92.42096917352414,,20.27966659046333,6.892161197602863,15.238362342409335,,,,,,,0.0,2.670978746790844,42.3645602508079,,30.042829835906645,Lower middle income,0.0
344,Kenya,1995,45.0,92.42096917352414,,20.27966659046333,6.892161197602863,15.238362342409335,,,,,,,0.0,2.670978746790844,42.3645602508079,,30.042829835906645,Lower middle income,0.0
345,Kenya,2000,58.0,1.31,,0.0,0.0,0.70000005,,,,,,,0.0,0.0,49.629627,,32.345676,Lower middle income,0.0
346,Kenya,2001,58.0,2.38,,0.0,0.0,0.68,,,,,,,0.0,0.0,66.666664,,51.851852,Lower middle income,0.0
347,Kenya,2002,58.0,3.09,,0.0,0.0,0.53999996,,,,,,,0.0,0.0,76.2605,,64.91596,Lower middle income,0.0
348,Kenya,2003,58.0,3.23,,0.0,0.0,0.87,,,,,,,0.0,0.0,80.23483,,63.209393,Lower middle income,0.0
349,Kenya,2004,128.0,2.84,,0.0,0.0,1.14,,,,,,,0.0,0.0,73.02753,,52.110092,Lower middle income,0.0
350,Kenya,2005,128.0,3.0,,0.0,0.0,1.15,,,,,,,0.0,0.0,70.819115,,51.19454,Lower middle income,0.0
351,Kenya,2006,128.0,3.24,,0.0,0.0,1.22,,,,,,,0.0,0.0,70.56962,,51.26582,Lower middle income,0.0
352,Kenya,2007,128.0,3.45,,0.0,0.0,1.18,,,,,,,0.0,0.0,71.01227,,52.914112,Lower middle income,0.0
353,Kenya,2008,128.0,2.82,,0.0,0.0,1.3499999,,,,,,,0.0,0.0,65.0546,,43.99376,Lower middle income,0.0
354,Kenya,2009,163.0,2.15,,0.01,0.0,1.5500001,,,,,,,0.0,0.152207,56.468796,,32.724506,Lower middle income,0.0
355,Kenya,2010,198.0,3.39,,0.02,0.0,1.74,,,,,,,0.0,0.27700832,71.32964,,46.95291,Lower middle income,0.0
356,Kenya,2011,198.0,3.42,,0.02,0.01,1.78,,,,,,,0.0,0.2635046,68.906456,,45.059288,Lower middle income,0.1317523
357,Kenya,2012,205.5,4.26,,0.01,0.01,1.82,,,,,,,0.0065,0.123609394,75.401726,,52.657604,Lower middle income,0.123609394
358,Kenya,2013,205.5,3.91,,0.01,0.03,2.21,,,,,,,0.01,0.11520737,70.96774,,45.04608,Lower middle income,0.34562212
359,Kenya,2014,366.1,3.28,,0.02,0.05,3.38,,,,,,,0.01,0.23894863,80.40621,,39.187576,Lower middle income,0.5973716
360,Kenya,2015,604.0,3.75,,0.06,0.05,4.63,,,,,,,0.03,0.60790277,86.01824,,37.993923,Lower middle income,0.5065856
361,Kenya,2016,638.0,3.31,,0.06,0.06,4.84,,,,,,,0.03,0.61919504,85.345726,,34.158928,Lower middle income,0.61919504
362,Kenya,2017,648.0,3.17,,0.06,0.07,5.13,,,,,,,0.03,0.5602241,78.71149,,29.598505,Lower middle income,0.6535948
363,Kenya,2018,664.0,3.99,,0.38,0.09,5.33,,,,,,,0.34,3.380783,87.09965,,35.498222,Lower middle income,0.80071175
364,Kenya,2019,824.0,3.21,,1.56,0.09,5.3799996,,,,,,,0.34,13.588851,89.19861,,27.961674,Lower middle income,0.78397214
365,Kenya,2020,824.0,4.23,,1.33,0.09,5.17,,,,,,,0.34,11.319149,92.085106,,36.0,Lower middle income,0.7659575
366,Mexico,1990,743.0,24.480944,0.00023135665,0.001,0.001,5.124,5.124,0.001,0.001,24.480944,6.8308434,0.0,0.0,0.0008504013,25.177782,5.68796,20.818626,Upper middle income,0.0008504013
367,Mexico,1995,743.0,27.598667,0.0014699651,0.007,0.005,6.4144435,6.4144435,0.005,0.007,27.598667,7.1109824,0.0,0.0065,0.0046556084,22.629654,5.796837,18.355513,Upper middle income,0.0033254344
368,Mexico,2000,855.0,32.8,0.0034340462,0.02,0.01,11.68,6.358645,0.007,0.019,33.07488,7.1508975,0.0,0.017,0.010302906,22.929117,5.977931,16.896765,Upper middle income,0.005151453
369,Mexico,2001,838.0,28.22,0.0032735253,0.02,0.01,11.309999,6.247497,0.008,0.018,28.43533,6.3393073,0.0,0.017,0.009941841,19.66496,5.1713114,14.027937,Upper middle income,0.0049709203
370,Mexico,2002,843.0,24.7,0.00367897,0.02,0.01,10.940001,6.07106,0.008,0.021,24.86159,5.4490385,0.0,0.018,0.009768487,17.422094,4.355476,12.064081,Upper middle income,0.0048842435
371,Mexico,2003,960.0,19.68,0.00328153,0.02,0.01,12.4,6.9497128,0.008,0.019,19.852205,4.6524553,0.0,0.018,0.009874593,15.853659,3.4287248,9.716599,Upper middle income,0.0049372963
372,Mexico,2004,960.0,24.95,0.0032556818,0.02,0.01,13.21,7.261834,0.009,0.02,25.176394,5.303242,0.0,0.018,0.0090670055,17.313446,4.0983152,11.311089,Upper middle income,0.0045335027
373,Mexico,2005,960.0,27.38,0.0028874904,0.02,0.01,14.88,8.137519,0.009,0.019,27.709446,5.473337,0.0,0.018,0.008644164,18.278084,4.211103,11.833859,Upper middle income,0.004322082
374,Mexico,2006,960.0,30.09,0.006586638,0.06,0.01,13.469999,7.4873867,0.01,0.045,30.446474,5.5860863,0.0,0.101,0.025338909,18.42561,4.456438,12.707462,Upper middle income,0.0042231516
375,Mexico,2007,960.0,27.0,0.035895593,0.26,0.01,14.87,8.249913,0.009,0.248,27.339674,5.209547,0.0,0.101,0.10659233,17.276155,3.9571528,11.069203,Upper middle income,0.004099705
376,Mexico,2008,963.0,38.79,0.035892416,0.27,0.01,14.15,7.896158,0.019,0.255,39.223907,6.696116,0.0,0.101,0.109271936,21.538712,5.520945,15.698733,Upper middle income,0.0040471083
377,Mexico,2009,965.0,26.45,0.08417534,0.6,0.01,13.53,7.547069,0.027,0.59635276,26.722006,4.9565783,0.0,0.425,0.24444899,16.536974,3.7718177,10.776126,Upper middle income,0.0040741498
378,Mexico,2010,965.0,36.79,0.16876855,1.24,0.03,13.309999,7.4460497,0.031,1.2391111,37.15799,6.283124,0.0,0.519,0.46896863,19.42816,5.060967,13.913997,Upper middle income,0.011346015
379,Mexico,2011,887.0,35.93,0.21292964,1.63,0.04,13.1,7.3669243,0.041,1.6483214,36.27042,5.886854,0.0,0.601,0.5816443,18.091637,4.685401,12.821154,Upper middle income,0.0142734805
380,Mexico,2012,824.0,31.59,0.47088408,3.67,0.07,11.870001,6.7609353,0.069,3.6883104,31.910688,5.4620795,0.0,1.815,1.2888498,16.575943,4.0740156,11.093942,Upper middle income,0.024582967
381,Mexico,2013,823.0,27.72,0.5288304,4.17,0.11,12.67,7.322261,0.106,4.184544,28.021322,5.06007,0.0,2.122,1.4515456,15.54929,3.5412524,9.649123,Upper middle income,0.03829017
382,Mexico,2014,813.0,38.55,0.81083405,6.35,0.22,12.34,7.1366343,0.221,6.4261966,38.89277,6.727102,0.0,2.569,2.1882215,19.80082,4.907347,13.2844,Upper middle income,0.0758124
383,Mexico,2015,906.0,30.61,1.098291,8.45,0.24,13.12,7.632154,0.2021975,8.745094,30.89154,6.0522633,0.0,3.271,2.8367128,17.59769,3.8796492,10.2759495,Upper middle income,0.08056936
384,Mexico,2016,926.0,29.74,1.2792367,9.93,0.46,12.84,7.6092916,0.25227612,10.378095,30.697353,6.1314926,0.0,4.051,3.2770116,17.480696,3.7838523,9.814534,Upper middle income,0.15180516
385,Mexico,2017,925.7,31.74,1.2826806,9.91,1.07,13.16,8.123817,1.1865062,10.6197815,31.847656,6.372722,0.0,4.199372,3.2056673,18.075953,3.84663,10.267193,Upper middle income,0.34612152
386,Mexico,2018,950.6,32.3,1.5784972,12.53,1.36,12.59,7.648148,3.18,13.088611,32.485554,6.939361,0.0,4.875635,3.7738693,17.703753,3.9177847,9.72833,Upper middle income,0.40961388
387,Mexico,2019,935.6,23.54,2.09368,16.78,6.97,11.71,7.452208,7.366667,16.726667,23.608055,7.0507708,0.0,6.050260000000001,5.275403,18.548794,2.9550245,7.4006543,Upper middle income,2.1912727
388,Mexico,2020,906.0,26.74,2.896915,19.77,11.24,11.440001,7.0345683,9.452778,19.70226,26.935242,9.475372,0.0,6.504433,6.07336,21.255222,3.9604142,8.214549,Upper middle income,3.452937
389,New Zealand,1990,261.0,23.185303,0.0,0.0,0.0,2.9529426,2.9529426,0.0,0.0,23.185303,41.45618,,0.0,0.0,80.14338,36.799473,71.089264,High income,0.0
390,New Zealand,1995,265.0,27.534758,0.0013985459,0.001010101,0.0,3.0245616,3.0245616,0.0,0.001010101,27.534758,42.104042,,0.0,0.0027742598,83.93446,37.956524,75.62468,High income,0.0
391,New Zealand,2000,418.0,24.19,0.15480165,0.12,0.0,3.23,3.7408855,0.0,0.120208085,24.434969,36.374214,,0.036,0.31405392,72.07538,31.466896,63.308037,High income,0.0
392,New Zealand,2001,417.0,21.46,0.17982656,0.14,0.0,3.27,3.5297565,0.0,0.13898788,21.681162,32.730766,,0.036,0.36515388,64.86698,28.051716,55.972874,High income,0.0
393,New Zealand,2002,373.0,24.62,0.19274333,0.15,0.0,3.2,3.3669994,0.0,0.15548317,24.873026,35.126747,,0.054,0.3801318,70.881905,30.83362,62.392296,High income,0.0
394,New Zealand,2003,378.0,23.39,0.18653671,0.15,0.0,3.26,3.2766335,0.0,0.14654097,23.622797,34.357147,,0.072,0.37945867,67.796616,30.07022,59.170254,High income,0.0
395,New Zealand,2004,378.0,26.97,0.44146353,0.36,0.0,3.19,3.3947048,0.0,0.36153665,27.240088,37.794468,,0.166,0.8668433,73.489044,33.262203,64.94101,High income,0.0
396,New Zealand,2005,433.0,23.09,0.76927686,0.61,0.0,3.79,3.8075435,0.0,0.6143859,23.327555,34.682922,,0.168,1.4691715,66.20905,29.208595,55.61175,High income,0.0
397,New Zealand,2006,433.0,23.34,0.7675302,0.62,0.0,4.01,4.0715566,0.0,0.6222169,23.573221,34.811123,,0.169,1.473384,66.46863,29.078543,55.46578,High income,0.0
398,New Zealand,2007,451.0,23.4,1.1438503,0.92,0.0,4.0499997,4.2583714,0.003405895,0.92987984,23.6405,35.406635,,0.32,2.1692996,66.8946,29.08031,55.175667,High income,0.0
399,New Zealand,2008,593.0,22.12,1.289644,1.05,0.0,4.7,4.893002,0.003455616,1.0584577,22.347338,34.397457,,0.322,2.476999,65.74664,27.228403,52.182117,High income,0.0
400,New Zealand,2009,633.0,23.98,1.7938912,1.46,0.0,5.1600003,5.582571,0.003589863,1.4764609,24.217442,37.898605,,0.496,3.462177,72.56344,29.424047,56.865074,High income,0.0
401,New Zealand,2010,731.0,24.48,1.9343724,1.62,0.0,6.12,6.608745,0.003828525,1.6371758,24.726507,38.817486,,0.524,3.7181547,73.94997,29.215113,56.185448,High income,0.0
402,New Zealand,2011,726.0,24.86,2.2841089,1.94,0.0,6.32,6.9373813,0.004126869,1.9572189,25.110668,39.533886,,0.623,4.4834757,76.54264,29.304588,57.4532,High income,0.0
403,New Zealand,2012,726.0,22.67,2.3957548,2.06,0.0,6.64,7.1866794,0.004822949,2.0791955,22.896656,36.91487,,0.623,4.774044,72.69988,26.38269,52.53766,High income,0.0
404,New Zealand,2013,798.0,22.8,2.2971683,2.0,0.01,6.99,7.578271,0.006684401,2.0218704,23.029074,36.921745,,0.623,4.721435,75.07082,26.164711,53.824364,High income,0.023607176
405,New Zealand,2014,924.0,24.07,2.388837,2.19,0.02,7.66,8.363213,0.018719712,2.2112238,24.31806,37.536892,,0.682,5.134818,79.57795,26.271374,56.436108,High income,0.046893317
406,New Zealand,2015,941.0,24.28,2.5243506,2.34,0.04,8.2,8.959386,0.03660029,2.36413,24.529943,38.129433,,0.6890000000000001,5.399169,80.43378,26.192373,56.022152,High income,0.09229349
407,New Zealand,2016,941.0,25.68,2.4598477,2.32,0.06,8.09,8.945971,0.056519784,2.3407655,25.93505,38.99087,,0.6890000000000001,5.4054055,84.22648,27.25445,59.83225,High income,0.13979498
408,New Zealand,2017,941.0,24.92,2.1451554,2.07,0.08,8.21,8.977402,0.076848954,2.091049,25.175854,37.083,,0.6890000000000001,4.7783933,81.440445,25.827286,57.525394,High income,0.1846722
409,New Zealand,2018,952.0,25.99,2.1243002,2.05,0.1,8.11,8.898494,0.100447185,2.0679657,26.25458,38.162262,,0.6890000000000001,4.7202396,83.46765,26.969793,59.843426,High income,0.23025559
410,New Zealand,2019,952.0,25.34,2.2535741,2.23,0.13,8.21,8.981838,0.1275935,2.2556674,25.598652,36.76238,,0.6890000000000001,5.0890007,81.94888,25.574896,57.827477,High income,0.2966682
411,New Zealand,2020,984.0,24.03,2.530249,2.28,0.16,8.26,9.017193,0.16023193,2.304797,24.268194,39.064182,,0.784,5.2802224,80.430756,26.642075,55.650764,High income,0.3705419
412,Nicaragua,1990,35.0,92.42096917352414,,20.27966659046333,6.892161197602863,15.238362342409335,,,,,,,0.0,2.670978746790844,42.3645602508079,,30.042829835906645,Lower middle income,0.0
413,Nicaragua,1995,70.0,92.42096917352414,,20.27966659046333,6.892161197602863,15.238362342409335,,,,,,,0.0,2.670978746790844,42.3645602508079,,30.042829835906645,Lower middle income,0.0
414,Nicaragua,2000,21.0,0.21,,0.0,0.0,0.22999999,,,,,,,0.0,0.0,20.657276,,9.859155,Lower middle income,0.0
415,Nicaragua,2001,26.0,0.19,,0.0,0.0,0.26999998,,,,,,,0.0,0.0,19.74249,,8.154507,Lower middle income,0.0
416,Nicaragua,2002,77.5,0.3,,0.0,0.0,0.39,,,,,,,0.0,0.0,25.555555,,11.111112,Lower middle income,0.0
417,Nicaragua,2003,77.5,0.29,,0.0,0.0,0.53,,,,,,,0.0,0.0,31.538464,,11.153847,Lower middle income,0.0
418,Nicaragua,2004,77.5,0.32,,0.0,0.0,0.7,,,,,,,0.0,0.0,37.918217,,11.89591,Lower middle income,0.0
419,Nicaragua,2005,87.5,0.43,,0.0,0.0,0.76,,,,,,,0.0,0.0,39.534885,,14.285714,Lower middle income,0.0
420,Nicaragua,2006,87.5,0.31,,0.0,0.0,0.84,,,,,,,0.0,0.0,37.096775,,10.0,Lower middle income,0.0
421,Nicaragua,2007,87.5,0.3,,0.0,0.0,0.69,,,,,,,0.0,0.0,33.90411,,10.2739725,Lower middle income,0.0
422,Nicaragua,2008,87.5,0.53,,0.0,0.0,0.73,,,,,,,0.0,0.0,39.130436,,16.459625,Lower middle income,0.0
423,Nicaragua,2009,87.5,0.29,,0.11,0.0,0.76,,,,,,,0.0,3.0985916,32.676056,,8.169014,Lower middle income,0.0
424,Nicaragua,2010,87.5,0.5,,0.16,0.0,0.68,,,,,,,0.0,4.5584044,38.17664,,14.245014,Lower middle income,0.0
425,Nicaragua,2011,87.5,0.44,,0.21,0.0,0.65999997,,,,,,,0.0,5.7377048,35.79235,,12.021857,Lower middle income,0.0
426,Nicaragua,2012,164.5,0.41,,0.33,0.01,0.91999996,,,,,,,0.0,8.483291,42.93059,,10.539845,Lower middle income,0.2570694
427,Nicaragua,2013,154.5,0.45,,0.56,0.0,1.04,,,,,,,0.0,13.861386,50.742577,,11.138614,Lower middle income,0.0
428,Nicaragua,2014,154.5,0.39,,0.85,0.0,1.04,,,,,,,0.0,19.54023,52.413795,,8.965517,Lower middle income,0.0
429,Nicaragua,2015,154.5,0.29,,0.87,0.0,1.08,,,,,,,0.0,19.594595,50.45045,,6.5315313,Lower middle income,0.0
430,Nicaragua,2016,154.5,0.42,,0.73,0.0,1.23,,,,,,,0.0,16.331097,53.243855,,9.395973,Lower middle income,0.0
431,Nicaragua,2017,154.5,0.46,,0.63,0.01,1.2,,,,,,,0.0,14.383561,52.511414,,10.502283,Lower middle income,0.2283105
432,Nicaragua,2018,154.5,0.41,,0.8,0.02,1.25,,,,,,,0.0,17.660044,54.746136,,9.050773,Lower middle income,0.44150108
433,Nicaragua,2019,153.24,0.23,,0.73,0.03,1.3199999,,,,,,,0.0,16.294643,51.5625,,5.133929,Lower middle income,0.66964287
434,Nicaragua,2020,153.0,0.57,,0.55,0.03,1.27,,,,,,,0.0,12.443439,54.75113,,12.895927,Lower middle income,0.678733
435,Papua New Guinea,1990,0.0,92.42096917352414,,20.27966659046333,6.892161197602863,15.238362342409335,,,,,,,,2.670978746790844,42.3645602508079,,30.042829835906645,Lower middle income,0.0
436,Papua New Guinea,1995,0.0,92.42096917352414,,20.27966659046333,6.892161197602863,15.238362342409335,,,,,,,,2.670978746790844,42.3645602508079,,30.042829835906645,Lower middle income,0.0
437,Papua New Guinea,2000,0.0,0.92,,0.0,0.0,0.05,,,,,,,,0.0,45.971565,,43.6019,Lower middle income,0.0
438,Papua New Guinea,2001,0.0,0.92,,0.0,0.0,0.08,,,,,,,,0.0,38.61004,,35.521236,Lower middle income,0.0
439,Papua New Guinea,2002,0.0,0.92,,0.0,0.0,0.08,,,,,,,,0.0,36.231884,,33.333332,Lower middle income,0.0
440,Papua New Guinea,2003,6.0,0.92,,0.0,0.0,0.15,,,,,,,,0.0,34.516132,,29.67742,Lower middle income,0.0
441,Papua New Guinea,2004,6.0,0.89,,0.0,0.0,0.15,,,,,,,,0.0,32.704403,,27.987421,Lower middle income,0.0
442,Papua New Guinea,2005,36.0,0.88,,0.0,0.0,0.4,,,,,,,,0.0,38.43844,,26.426428,Lower middle income,0.0
443,Papua New Guinea,2006,36.0,0.85,,0.0,0.0,0.4,,,,,,,,0.0,38.46154,,26.153847,Lower middle income,0.0
444,Papua New Guinea,2007,56.0,0.85,,0.0,0.0,0.49,,,,,,,,0.0,40.119762,,25.449102,Lower middle income,0.0
445,Papua New Guinea,2008,56.0,0.85,,0.0,0.0,0.49,,,,,,,,0.0,40.85366,,25.914635,Lower middle income,0.0
446,Papua New Guinea,2009,56.0,0.85,,0.0,0.0,0.47,,,,,,,,0.0,39.402985,,25.373135,Lower middle income,0.0
447,Papua New Guinea,2010,56.0,0.85,,0.0,0.0,0.47,,,,,,,,0.0,38.938053,,25.073746,Lower middle income,0.0
448,Papua New Guinea,2011,56.0,0.96,,0.0,0.0,0.46,,,,,,,,0.0,40.226627,,27.195467,Lower middle income,0.0
449,Papua New Guinea,2012,56.0,0.97,,0.0,0.0,0.46,,,,,,,,0.0,39.61219,,26.869806,Lower middle income,0.0
450,Papua New Guinea,2013,56.0,0.99,,0.0,0.0,0.48000002,,,,,,,,0.0,38.481674,,25.916231,Lower middle income,0.0
451,Papua New Guinea,2014,56.0,1.01,,0.0,0.0,0.48000002,,,,,,,,0.0,37.06468,,25.124378,Lower middle income,0.0
452,Papua New Guinea,2015,56.0,1.0,,0.0,0.0,0.48000002,,,,,,,,0.0,35.66265,,24.096384,Lower middle income,0.0
453,Papua New Guinea,2016,56.0,1.0,,0.0,0.0,0.48000002,,,,,,,,0.0,34.660423,,23.419205,Lower middle income,0.0
454,Papua New Guinea,2017,56.0,0.79,,0.0,0.0,0.48000002,,,,,,,,0.0,29.812204,,18.5446,Lower middle income,0.0
455,Papua New Guinea,2018,56.0,0.78,,0.0,0.0,0.49,,,,,,,,0.0,28.863636,,17.727272,Lower middle income,0.0
456,Papua New Guinea,2019,56.0,0.8,,0.0,0.0,0.48000002,,,,,,,,0.0,28.828829,,18.018019,Lower middle income,0.0
457,Papua New Guinea,2020,56.0,0.8,,0.0,0.0,0.48000002,,,,,,,,0.0,27.586208,,17.24138,Lower middle income,0.0
458,Philippines,1990,888.0,6.062,0.0,0.0,0.0,5.89576,5.89576,0.0,0.0,6.062,18.938623,,,0.0,45.42014,9.753082,23.02579,Lower middle income,0.0
459,Philippines,1995,1154.0,6.232,0.0,0.0,0.0,6.135,6.135,0.0,0.0,6.232,14.212176,,,0.0,36.857006,7.3083096,18.573046,Lower middle income,0.0
460,Philippines,2000,1846.5,7.72,0.0,0.0,0.0,11.650001,11.626,0.0,0.0,7.799,18.595215,,0.0,0.0,44.375717,7.6508613,17.68614,Lower middle income,0.0
461,Philippines,2001,1846.5,7.03,0.0,0.0,0.0,10.469999,10.442,0.0,0.0,7.104,16.949202,,0.0,0.0,38.716812,7.031442,15.553097,Lower middle income,0.0
462,Philippines,2002,1846.5,6.96,0.0,0.0,0.0,10.26,10.242493,0.0,0.0,7.032973,16.691975,,0.0,0.0,37.016335,6.9622097,14.961307,Lower middle income,0.0
463,Philippines,2003,1846.5,7.79,0.0,0.0,0.0,9.849999,9.822444,0.0,0.0,7.86982,16.424408,,0.0,0.0,34.80663,7.4734983,15.3709545,Lower middle income,0.0
464,Philippines,2004,1846.5,8.51,0.0,0.0,0.0,10.309999,10.28155,0.0,0.0,8.592681,16.852709,,0.0,0.0,35.07268,7.845031,15.859113,Lower middle income,0.0
465,Philippines,2005,1846.5,8.3,0.015917357,0.02,0.0,9.929999,9.902443,0.001517,0.017469,8.386773,16.317411,,0.033,0.03691399,33.684017,7.641817,15.319306,Lower middle income,0.0
466,Philippines,2006,1846.5,9.84,0.049644142,0.05,0.0,10.5,10.465279,0.001376,0.053235,9.939413,18.684961,,0.033,0.09172629,37.405983,9.268978,18.051735,Lower middle income,0.0
467,Philippines,2007,1846.5,8.48,0.05158064,0.06,0.0,10.26,10.214688,0.001309,0.057842,8.563433,16.430105,,0.033,0.10509721,32.930458,7.636446,14.853739,Lower middle income,0.0
468,Philippines,2008,1846.5,9.74,0.052627444,0.06,0.0,10.76,10.72278,0.001304,0.061386,9.842534,17.313362,,0.033,0.10291595,35.265865,8.438195,16.70669,Lower middle income,0.0
469,Philippines,2009,1846.5,9.69,0.05434159,0.06,0.0,10.509999,10.337557,0.001252,0.064428,9.787567,16.679699,,0.033,0.10106114,34.12498,8.25529,16.321373,Lower middle income,0.0
470,Philippines,2010,1846.5,7.72,0.050246816,0.06,0.0,10.37,9.956422,0.001254,0.061717,7.803405,14.187132,,0.033,0.09272137,28.048216,6.353137,11.93015,Lower middle income,0.0
471,Philippines,2011,1846.5,9.6,0.06994471,0.09,0.0,10.4,10.057604,0.001212,0.088204,9.697532,15.432299,,0.033,0.13018951,29.06119,7.6900244,13.886881,Lower middle income,0.0
472,Philippines,2012,1846.5,10.15,0.057519313,0.08,0.0,10.83,10.432809,0.00132,0.075339,10.252134,15.557659,,0.033,0.109769486,28.896818,7.827229,13.927003,Lower middle income,0.0
473,Philippines,2013,1846.5,9.92,0.046500146,0.07,0.0,10.190001,9.816571,0.001414,0.065655,10.019308,13.8471365,,0.033,0.09303562,26.82084,7.096177,13.184477,Lower middle income,0.0
474,Philippines,2014,1916.1,9.05,0.10181471,0.15,0.02,10.96,10.503812,0.016517,0.152052,9.137273,13.009114,,0.3369,0.19417477,26.122978,6.118358,11.71521,Lower middle income,0.025889968
475,Philippines,2015,1916.1,8.58,0.4544907,0.75,0.14,12.13,11.41115,0.138534,0.748414,8.665078,12.500741,,0.4269,0.91019416,26.213593,5.2620564,10.4126215,Lower middle income,0.1699029
476,Philippines,2016,1916.1,8.03,0.5389024,0.98,1.1,12.26,11.796309,1.097016,0.975219,8.110915,11.97579,,0.4269,1.0790575,24.631138,4.4820614,8.841665,Lower middle income,1.211187
477,Philippines,2017,1916.1,9.52,0.5475472,1.09,1.2,11.540001,11.283225,1.201152,1.093558,9.610799,11.504091,,0.4269,1.1550281,24.743032,4.8121514,10.087952,Lower middle income,1.2715906
478,Philippines,2018,1928.1,9.29,0.5583021,1.15,1.25,12.04,11.540128,1.2491164,1.152923,9.383759,11.201896,,0.4269,1.1526512,23.784706,4.544078,9.311417,Lower middle income,1.2528816
479,Philippines,2019,1928.1,7.94,0.4879688,1.04,1.26,12.54,11.731147,1.246082,1.04166,8.025492,10.227248,,0.4428999999999999,0.98039216,21.47436,3.7595663,7.4849167,Lower middle income,1.1877828
480,Philippines,2020,1928.0,7.79,0.52862334,1.03,1.39,13.0,12.017831,1.372604,1.02645,7.192019,11.04473,,0.4428999999999999,1.0050741,22.648321,3.7039015,7.601483,Lower middle income,1.3563622
481,Portugal,1990,3.0,9.14,0.0014276293,0.0,0.0,0.69,0.693,0.0,0.000959596,9.157,14.758712,0.0,,0.0,34.6982,13.643341,32.262623,High income,0.0
482,Portugal,1995,5.0,8.33,0.019453365,0.02,0.0,1.03,1.03,0.0,0.016,8.343,11.50894,0.0,,0.06033182,28.295624,10.14369,25.128204,High income,0.0
483,Portugal,2000,14.0,11.32,0.1693613,0.17,0.0,1.38,1.376,0.0014,0.168,11.323,13.07334,0.0,0.083,0.39188564,29.668049,11.41475,26.094975,High income,0.0
484,Portugal,2001,14.0,14.03,0.25265798,0.26,0.0,1.45,1.45,0.0016,0.256,14.034,15.646869,0.0,0.125,0.5631363,34.091404,13.850792,30.3877,High income,0.0
485,Portugal,2002,14.0,7.8,0.35767367,0.36,0.0,1.57,1.569,0.0018,0.362,7.8,9.748956,0.0,0.19,0.78860897,21.314346,7.706781,17.086527,High income,0.0
486,Portugal,2003,14.0,15.72,0.47416803,0.5,0.0,1.48,1.484,0.0026,0.496,15.723,17.057003,0.0,0.268,1.0748066,38.048153,15.030935,33.791916,High income,0.0
487,Portugal,2004,14.0,9.87,0.79033107,0.82,0.0,1.62,1.631,0.0029,0.816,9.869,12.089573,0.0,0.553,1.8295404,27.465418,9.55855,22.02142,High income,0.0
488,Portugal,2005,14.0,4.73,1.7096142,1.77,0.0,1.75,1.722,0.0038,1.773,4.731,8.115614,0.010612133,1.064,3.832828,17.864876,4.561864,10.242529,High income,0.0
489,Portugal,2006,25.0,11.0,2.8233242,2.93,0.0,1.7900001,1.789,0.005,2.925,10.919,15.572563,0.81772375,1.681,6.0325303,32.365658,10.539446,22.647724,High income,0.0
490,Portugal,2007,25.0,10.09,3.8425856,4.04,0.02,2.06,2.083,0.024,4.037,10.027,16.143671,1.8858278,2.201,8.61591,34.57027,9.544119,21.518448,High income,0.042653017
491,Portugal,2008,25.0,6.8,5.6417108,5.76,0.04,2.04,2.044,0.041,5.757,6.799,15.146783,1.7329049,2.857,12.664907,32.189976,6.662844,14.951627,High income,0.08795075
492,Portugal,2009,25.0,8.28,7.3161893,7.58,0.16,2.27,2.271,0.16,7.577,8.285,18.849367,2.6254027,3.326,15.319321,36.96443,7.999818,16.734034,High income,0.32336298
493,Portugal,2010,25.0,16.15,8.353452,9.18,0.21,2.81,2.811,0.215,9.182,16.148,27.393208,3.3028038,3.796,17.098156,52.80313,14.690867,30.08009,High income,0.3911343
494,Portugal,2011,25.0,11.54,8.684433,9.16,0.28,3.13,3.133,0.282,9.162,11.536,24.511286,3.841075,4.256215,17.65613,46.47263,10.934689,22.243639,High income,0.539707
495,Portugal,2012,25.0,5.62,10.5848465,10.26,0.39,3.1000001,3.097,0.393,10.26,5.622,21.701544,3.2053094,4.411552,22.514812,42.50604,5.800001,12.332675,High income,0.8558262
496,Portugal,2013,25.0,13.73,11.221908,12.01,0.48,3.25,3.2475834,0.4791399,12.014601,13.73,29.105732,3.1913302,4.609948999999999,23.768059,58.32179,12.82413,27.171978,High income,0.9499307
497,Portugal,2014,25.0,15.57,11.022183,12.11,0.63,3.26,3.2543802,0.6273166,12.111384,15.569,30.292532,3.503142,4.856555999999999,23.30639,60.758278,14.16885,29.965359,High income,1.2124711
498,Portugal,2015,25.0,8.66,10.733528,11.61,0.8,3.3,3.3075674,0.7961549,11.607637,8.660506,24.459373,3.729485,4.936838,22.644821,47.53267,8.008329,16.890968,High income,1.5603666
499,Portugal,2016,25.0,15.72,10.72032,12.47,0.87,3.24,3.242,0.822,12.474,15.723,29.276423,3.4632163,5.124103,21.089125,54.6254,13.512552,26.58549,High income,1.4713343
500,Portugal,2017,29.1,5.9,10.797572,12.25,0.99,3.44,3.437,0.992,12.248,5.897,21.441805,3.6766036,5.124104999999999,21.230503,39.13345,5.198668,10.225303,High income,1.7157712
501,Portugal,2018,29.1,12.39,10.8489275,12.62,1.01,3.39,3.386,1.005,12.617,12.393,26.900106,3.8038125,5.172359,21.60589,50.350967,10.656318,21.212122,High income,1.729156
502,Portugal,2019,29.1,8.82,12.2939625,13.67,1.34,3.58,3.578,1.342,13.667,8.818,26.401812,4.111519,5.222745,26.425673,52.986664,7.932111,17.050068,High income,2.590373
503,Portugal,2020,29.0,12.08,12.195054,12.3,1.72,4.0099998,4.007,1.691,12.299,12.083,31.723911,3.4916983,5.122259000000001,23.86496,58.420643,11.98088,23.438107,High income,3.3372138
504,Russia,1990,11.0,166.84561,0.0,0.0,0.0,0.065,0.065,0.0,0.0,166.84561,4.8983045,,,0.0,15.423268,4.8963437,15.417262,Upper middle income,0.0
505,Russia,1995,11.0,176.2552,0.0,0.0,0.0,0.059,0.059,0.0,0.0,176.2552,6.7691536,,,0.0,20.50101,6.766846,20.494146,Upper middle income,0.0
506,Russia,2000,23.0,164.08,7.777988e-05,0.0,0.0,0.13,0.0791,0.0,0.0019,164.076,6.7286215,,0.003,0.0,19.70197,6.725324,19.686373,Upper middle income,0.0
507,Russia,2001,21.0,173.9,0.0001243283,0.0,0.0,0.2,0.1141,0.0,0.0031,173.899,6.9759703,,0.003,0.0,20.6468,6.971339,20.623081,Upper middle income,0.0
508,Russia,2002,70.0,162.22,0.00024776915,0.01,0.0,0.32,0.1733,0.0,0.0062,162.174,6.492728,,0.007,0.0011808048,19.193983,6.485738,19.155016,Upper middle income,0.0
509,Russia,2003,70.0,155.76,0.00033489367,0.01,0.0,0.65999997,0.3658,0.0,0.0086,155.67,6.075377,,0.009,0.0011510527,18.005915,6.061144,17.928795,Upper middle income,0.0
510,Russia,2004,56.0,175.82,0.00026838476,0.01,0.0,0.82,0.4498,0.0,0.007,175.677,6.754271,,0.009,0.0011283753,19.932749,6.7372108,19.839094,Upper middle income,0.0
511,Russia,2005,79.0,172.68,0.0002594946,0.01,0.0,0.84000003,0.4513,0.0,0.0068,172.611,6.60369,,0.01,0.0011088811,19.242413,6.586662,19.148157,Upper middle income,0.0
512,Russia,2006,87.0,173.35,0.0001889202,0.0,0.0,0.94,0.5057,0.0,0.0052,173.285,6.309633,,0.01,0.0,18.493877,6.2915654,18.394135,Upper middle income,0.0
513,Russia,2007,90.0,177.05,0.00023693671,0.01,0.0,0.94,0.4845,0.0,0.0066,177.045,6.371351,,0.01,0.0010406694,18.523914,6.35434,18.42505,Upper middle income,0.0
514,Russia,2008,80.0,164.76,0.000184609,0.0,0.0,0.93,0.4889,0.0,0.0052,164.78,5.8674455,,0.01,0.0,16.822174,5.850452,16.727753,Upper middle income,0.0
515,Russia,2009,81.0,174.18,0.00014106411,0.0,0.0,0.93,0.4974,0.0,0.0038,174.199,6.4854555,,0.01,0.0,18.623175,6.467367,18.52427,Upper middle income,0.0
516,Russia,2010,81.0,166.48,0.00014858272,0.0,0.0,1.01,0.536914,0.0,0.004186,166.4837,5.931856,,0.01,0.0,17.032766,5.913162,16.930054,Upper middle income,0.0
517,Russia,2011,81.0,165.84,0.0001839103,0.0,0.0,1.04,0.557208,0.0012,0.005392,163.0552,5.5852757,,0.01,0.0,16.697685,5.5665584,16.593624,Upper middle income,0.0
518,Russia,2012,81.0,165.9,0.00017766701,0.0,0.0,0.95,0.502849,0.004211507,0.005251,163.4543,5.550893,,0.01,0.0,16.442799,5.5339227,16.349176,Upper middle income,0.0
519,Russia,2013,79.0,181.15,0.00015249789,0.0,0.0,0.89,0.481527,0.0108,0.004473,181.1511,6.1906686,,0.01,0.0,18.124252,6.174131,18.035643,Upper middle income,0.0
520,Russia,2014,78.0,175.27,0.0032481633,0.1,0.16,0.98,0.5544,0.16,0.096106,173.3945,5.887215,,0.01,0.009915716,17.502232,5.860338,17.379276,Upper middle income,0.015865147
521,Russia,2015,78.0,167.99,0.0050590644,0.15,0.34,0.90999997,0.4812,0.3356,0.148037,167.99347,5.7736044,,0.0109,0.0148359155,16.753704,5.7410645,16.615236,Upper middle income,0.033628073
522,Russia,2016,78.0,184.61,0.004923485,0.15,0.46,0.87,0.4459,0.4683,0.1481205,184.61177,6.171405,,0.0109,0.014504947,17.994837,6.1364446,17.85172,Upper middle income,0.044481836
523,Russia,2017,74.0,185.01,0.004565553,0.14,0.56,0.93,0.519179,0.544,0.139,185.163,6.1212683,,0.0109,0.013498659,17.995642,6.081807,17.838478,Upper middle income,0.053994637
524,Russia,2018,74.0,191.14,0.0074689705,0.23,0.72,0.90999997,0.504307,0.62446,0.23716,190.63756,6.0467625,,0.0519,0.021955155,18.423239,6.003823,18.245687,Upper middle income,0.06872918
525,Russia,2019,74.0,194.72,0.009950137,0.33,1.28,0.92,0.521152,0.98505,0.31481,194.37614,6.201229,,0.1019,0.031027287,18.545855,6.143607,18.30798,Upper middle income,0.12034826
526,Russia,2020,74.0,212.59,0.03725576,1.24,2.02,0.9,0.513382,1.86214,1.13802,212.43826,7.0697813,,0.9453,0.1186705,20.743412,6.954666,20.345293,Upper middle income,0.19331808
527,Turkey,1990,20.6,23.15,0.0,0.0,0.0,0.08,0.0801,0.0,0.0,23.1476,12.219702,,0.0,0.0,40.371914,12.179259,40.23288,Upper middle income,0.0
528,Turkey,1995,20.4,35.54,0.0,0.0,0.0,0.31,0.3083,0.0,0.0,35.5409,14.924197,,0.0,0.0,41.56522,14.7899885,41.205795,Upper middle income,0.0
529,Turkey,2000,18.0,30.88,0.011421969,0.03,0.0,0.25,0.2415,0.0,0.0334,30.8785,10.657172,,0.0,0.024129333,25.062334,10.55969,24.837126,Upper middle income,0.0
530,Turkey,2001,18.0,24.01,0.023333877,0.06,0.0,0.27,0.2736,0.0,0.0624,24.0099,9.108514,,0.019,0.049103852,19.919796,8.978266,19.649725,Upper middle income,0.0
531,Turkey,2002,18.0,33.68,0.01629814,0.05,0.0,0.22999999,0.2346,0.0,0.048,33.6838,11.535796,,0.019,0.038934745,26.444479,11.437141,26.226444,Upper middle income,0.0
532,Turkey,2003,15.0,35.33,0.019561656,0.06,0.0,0.17,0.1676,0.0,0.0614,35.3295,11.330117,,0.019,0.043004587,25.487387,11.255766,25.322535,Upper middle income,0.0
533,Turkey,2004,15.0,46.08,0.017057339,0.06,0.0,0.17,0.1692,0.0,0.0577,46.0837,13.691692,,0.019,0.040069453,30.926939,13.623309,30.77334,Upper middle income,0.0
534,Turkey,2005,15.0,39.56,0.016949194,0.06,0.0,0.120000005,0.1284,0.0,0.059,39.5605,11.418583,,0.021,0.0371402,24.599195,11.364723,24.487776,Upper middle income,0.0
535,Turkey,2006,23.0,44.24,0.033578783,0.13,0.0,0.15,0.14785,0.0,0.1305,44.2442,11.456921,,0.059,0.07379236,25.271046,11.3844185,25.112108,Upper middle income,0.0
536,Turkey,2007,23.0,35.85,0.08453805,0.36,0.0,0.25,0.254942,0.0,0.3511,35.8508,8.7794895,,0.146,0.18807794,19.048117,8.6321745,18.729427,Upper middle income,0.0
537,Turkey,2008,30.0,33.27,0.20186917,0.85,0.0,0.3,0.304695,0.0,0.8465,33.2698,8.211599,,0.364,0.42862186,17.356663,7.934018,16.776764,Upper middle income,0.0
538,Turkey,2009,77.0,35.96,0.34968176,1.5,0.0,0.69,0.687389,0.0,1.49537,35.9584,8.923344,,0.792,0.77029735,19.59123,8.40862,18.466595,Upper middle income,0.0
539,Turkey,2010,94.0,51.8,0.6425344,2.92,0.0,1.0,1.001144,0.0024,2.91643,51.79546,12.280028,,1.32,1.3834928,26.400076,11.411336,24.542784,Upper middle income,0.0
540,Turkey,2011,114.0,52.34,0.968195,4.72,0.0,1.03,1.037141,0.002861538,4.7239,52.33856,11.913782,,1.729,2.058618,25.335835,10.7271385,22.827984,Upper middle income,0.0
541,Turkey,2012,162.0,57.86,1.1242399,5.86,0.0,1.49,1.491272,0.004257787,5.86075,57.86501,12.522766,,2.261,2.4479907,27.241205,11.09997,24.170774,Upper middle income,0.0
542,Turkey,2013,311.0,59.42,1.4513947,7.56,0.0,2.24,2.242158,0.006784615,7.55745,59.42051,13.313222,,2.76,3.1517072,28.857298,11.411603,24.771751,Upper middle income,0.0
543,Turkey,2014,405.0,40.64,1.5786124,8.52,0.02,3.44,3.446564,0.0174,8.52005,40.6447,9.769227,,3.63,3.3860586,20.912487,7.530734,16.15134,Upper middle income,0.007948494
544,Turkey,2015,624.0,67.15,1.9567616,11.65,0.19,4.66,4.665543,0.19412,11.65247,67.14584,14.063813,,4.503,4.4586473,32.014236,11.275583,25.699413,Upper middle income,0.07271614
545,Turkey,2016,821.0,67.23,2.4624424,15.52,1.04,6.4500003,7.1901,1.0431,15.5171,67.2309,14.479534,,5.751,5.670649,32.97161,10.669019,24.56429,Upper middle income,0.37999195
546,Turkey,2017,1063.7,58.22,2.6657252,17.9,2.89,8.23,9.0998,2.8893,17.9038,58.2185,13.170472,,6.51615,6.038525,29.43022,8.668245,19.640388,Upper middle income,0.9749351
547,Turkey,2018,1282.5,59.94,2.9859848,19.95,7.8,10.08,11.0539,7.7998,19.9492,59.9385,14.846624,,7.005386000000001,6.565524,32.176003,8.9715605,19.72619,Upper middle income,2.5669718
548,Turkey,2019,1514.7,88.82,3.1227176,21.73,9.25,12.46,13.5759,9.2498,21.7307,88.8228,19.254936,,7.591156,7.176591,43.680435,12.763903,29.33386,Upper middle income,3.0549226
549,Turkey,2020,1613.0,78.09,3.644287,24.83,10.95,14.469999,15.7643,10.9502,24.8282,78.0943,19.15011,,8.832356,8.129788,42.02082,11.462695,25.568068,Upper middle income,3.5852268
550,United States,1990,2913.5,292.2809,0.036843874,2.8167677,0.37079495,57.459316,57.459316,0.37079495,2.8167677,292.2809,4.7246766,16.732742,0.0,0.08713145,10.917163,3.8230917,9.041164,High income,0.011469849
551,United States,1995,3170.96,311.21982,0.038828343,3.1962152,0.5144716,63.26508,63.26508,0.5144716,3.1962152,311.21982,4.762141,30.384048,0.1356,0.089596815,10.601639,3.7807684,8.724164,High income,0.01442175
552,United States,2000,2793.0,270.03,0.06293467,5.59,0.49,74.82,66.582825,0.51851267,5.649759,272.76135,4.027357,36.307648,2.377,0.147024,9.229899,3.0383854,7.1021276,High income,0.012887615
553,United States,2001,2216.0,208.14,0.07715412,6.74,0.54,64.64,66.83044,0.5743511,6.8053846,210.24,3.421371,39.801285,3.864,0.18081485,7.5132055,2.3835363,5.5837984,High income,0.01448665
554,United States,2002,2252.0,255.59,0.11608443,10.35,0.55,69.85,71.78936,0.6015976,10.458869,258.16757,4.0155067,48.259228,4.417,0.2692347,8.749216,2.8654375,6.648666,High income,0.014307156
555,United States,2003,2133.0,267.27,0.12423286,11.19,0.53,70.19,71.33214,0.6106543,11.30047,269.97098,4.1800404,63.254505,5.995,0.2892265,9.025211,2.967953,6.9080935,High income,0.013698841
556,United States,2004,2152.0,259.93,0.15305866,14.14,0.58,70.490005,71.94537,0.69813246,14.286607,262.55466,4.1015115,77.1594,6.456,0.35779804,8.73341,2.8128626,6.5772595,High income,0.014676299
557,United States,2005,2285.0,263.76,0.19143015,17.81,0.55,70.92,72.59806,0.74890065,17.990454,266.42773,4.219231,90.5215,8.706,0.44138896,8.749464,2.834965,6.536819,High income,0.013630765
558,United States,2006,2274.0,282.69,0.28624138,26.59,0.51,71.37,73.08227,0.82443213,26.857714,285.544,4.6788607,117.979416,11.329,0.65703964,9.418474,3.0432415,6.9852777,High income,0.012602114
559,United States,2007,2214.0,240.61,0.36356807,34.45,0.61,72.240005,73.86955,1.0954105,34.797905,243.04407,4.3730087,162.89944,16.515,0.8316094,8.39841,2.539321,5.8082304,High income,0.014725159
560,United States,2008,2229.0,248.54,0.59512186,55.36,0.86,72.35,73.551476,1.6330626,55.922325,251.05386,5.0045505,231.80676,24.651,1.3477687,9.1809435,2.6716993,6.0508385,High income,0.020937158
561,United States,2009,2382.0,268.82,0.8302034,73.89,0.89,71.96,73.15986,2.0759604,74.632454,271.53308,5.8000064,262.64377,34.296,1.8754663,10.547689,3.0205047,6.8231544,High income,0.022589864
562,United States,2010,2405.0,254.7,1.0225409,94.65,1.21,73.92,75.061844,3.0130365,95.60833,257.2747,5.8405547,309.5003,39.135,2.3007143,10.3180895,2.7515795,6.1911454,High income,0.029412193
563,United States,2011,2409.0,312.93,1.3016932,120.18,1.82,74.81,75.77516,4.738904,121.3905,316.09534,6.8973193,345.2215,45.676,2.9391983,12.466525,3.38955,7.6532145,High income,0.044511072
564,United States,2012,2592.0,271.29,1.5571158,140.82,4.33,75.88,77.0361,9.037014,142.24414,274.03003,6.886334,330.10876,59.075,3.485066,12.184118,2.9997473,6.713986,High income,0.10716045
565,United States,2013,2607.0,263.88,1.7959362,167.84,9.04,79.62,80.665535,16.039696,169.5351,266.54984,7.1346164,344.545,59.973,4.138465,12.831115,2.8236425,6.5065427,High income,0.2229011
566,United States,2014,2514.0,253.19,1.9121739,181.65,28.92,83.07,84.07023,29.216162,183.49019,255.75058,7.262891,364.5882,64.23201999999999,4.434804,13.35031,2.6652083,6.1813817,High income,0.706053
567,United States,2015,2542.0,243.99,2.0149415,190.72,39.03,82.75,83.73627,39.42626,192.645,246.45312,7.468743,375.11325,72.57302,4.669943,13.626135,2.5777395,5.9743047,High income,0.95568305
568,United States,2016,2517.0,261.13,2.3861992,226.99,54.87,81.92,82.722565,55.4202,229.28542,263.76367,8.285086,399.23404,81.286,5.5531907,15.288093,2.7450182,6.3884077,High income,1.3423656
569,United States,2017,2483.0,293.84,2.6476958,254.3,77.28,81.770004,82.80032,78.05758,256.8714,296.80646,9.082049,411.9172,87.59700000000001,6.275433,17.451527,3.0593252,7.2511725,High income,1.9070604
570,United States,2018,2540.5,286.62,2.7228076,272.67,93.36,80.520004,81.8932,94.30808,275.42166,289.5146,8.964939,424.44006,94.516,6.4897485,17.44999,2.8621294,6.8217683,High income,2.2220373
571,United States,2019,2555.3,282.61,2.9648738,295.88,106.89,75.38,76.82054,107.97374,298.8712,285.46765,9.315263,412.82147,104.0522,7.115271,18.294624,2.8319073,6.796156,High income,2.5704722
572,United States,2020,2587.0,279.95,3.645264,337.94,130.72,72.79,74.30732,132.04141,341.35156,282.7805,10.532232,374.58826,118.7317,8.358273,20.315693,3.0197885,6.924006,High income,3.2330987
